"FAIRHOPE 2 NE, AL",-87.8808,30.5467,7,695,771,424,1380,826,3386,2137,957,18,2586,404,1353
"GAINESVILLE LOCK, AL",-88.1342,32.8347,38.1,1603,1886,1115,3229,985,1061,901,1618,5,3306,921,1518
"GREENSBORO, AL",-87.5808,32.7017,67.1,,,514,2731,551,1389,1527,2790,0,1829,760,1659
"MUSCLE SHOALS AP, AL",-87.5997,34.7442,164.6,1233,3591,775,1634,1223,800,1583,952,29,1889,2018,1207
"SAINT BERNARD, AL",-86.8133,34.1736,243.8,1787,3146,1252,1998,907,999,819,1690,0,2299,775,2177
"SCOTTSBORO, AL",-86.0536,34.6736,187.5,2067,3127,1384,1296,1012,678,478,856,18,2498,1131,1483
"SELMA, AL",-87.0153,32.41,44.8,2163,1061,1085,1562,1018,1470,399,1135,0,993,820,1444
"TALLADEGA, AL",-86.135,33.4164,136.6,1759,2278,880,1294,952,1515,376,1517,0,1411,1648,1460
"TROY, AL",-85.9722,31.8075,165.2,1061,343,868,1626,428,1506,737,1387,173,1245,924,1365
"TUSCALOOSA ACFD, AL",-87.6161,33.2119,51.5,1371,1957,577,1547,1125,1470,625,3060,0,3470,597,1698
"VALLEY HEAD, AL",-85.6128,34.5667,323.7,1762,2719,1044,1347,1361,770,1252,705,117,1795,793,1776
"AJO, AZ",-112.86,32.3697,539.5,180,734,208,10,59,0,110,890,500,0,488,374
"CANYON DE CHELLY, AZ",-109.5394,36.1533,1709.9,,212,266,13,330,32,,125,322,109,218,186
"PARKER, AZ",-114.2897,34.1547,128,631,376,273,0,19,0,0,0,289,0,740,62
"PEARCE SUNSITES, AZ",-109.8378,31.9356,1325.9,218,255,295,16,38,38,,,,,1083,377
"PRESCOTT, AZ",-112.4322,34.5706,1586.5,423,1243,357,51,868,13,293,271,592,0,953,454
"SAFFORD AGRICULTRL CTR, AZ",-109.6808,32.815,900.4,137,204,222,56,,0,122,121,,8,676,325
"SAINT JOHNS, AZ",-109.4028,34.5172,1764.8,135,99,153,0,286,170,361,235,259,0,368,211
"SELIGMAN, AZ",-112.8797,35.3322,1600.2,543,736,205,144,370,0,158,,101,0,1141,364
"TOMBSTONE, AZ",-110.0569,31.7056,1405.1,216,248,299,39,130,53,511,425,634,0,1054,312
"WILLIAMS, AZ",-112.1903,35.2406,2057.4,941,2235,966,140,877,89,619,136,145,0,910,1169
"CONWAY, AR",-92.4289,35.0842,96,1041,2915,957,2268,2897,788,799,1423,795,1324,1503,316
"CORNING, AR",-90.5858,36.4197,91.4,1154,2592,700,1492,3055,943,,1388,274,1512,1751,563
"FAYETTEVILLE EXP STN, AR",-94.1744,36.1006,387.1,,,,660,2375,,333,1476,1392,2351,,109
"GRAVETTE, AR",-94.4481,36.4261,384,1255,615,972,1026,3886,2173,1204,2650,1397,4433,1440,505
"MAMMOTH SPRING, AR",-91.535,36.4947,153,1239,2034,851,1509,2908,1298,836,1638,117,1270,1830,419
"MENA, AR",-94.2494,34.5731,344.4,892,1281,1332,1915,2915,2199,893,391,1140,2161,1714,642
"NEWPORT, AR",-91.2744,35.6042,69.5,1144,3096,818,2072,3092,888,1271,1141,581,1413,1566,627
"OZARK 2, AR",-93.8683,35.5125,253,1095,1583,788,1513,2926,2794,765,2383,1291,1948,1709,497
"PINE BLUFF, AR",-92.0189,34.2256,65.5,1113,1773,1535,2703,2234,1392,2908,1070,152,1625,843,602
"POCAHONTAS 1, AR",-90.9681,36.2639,96,1391,2305,1122,1856,2463,1559,1319,1338,550,1278,1347,693
"PRESCOTT 2 NNW, AR",-93.3878,33.8203,93.9,1201,1238,1178,2899,2968,1198,3337,76,211,1806,840,616
"ROHWER 2 NNE, AR",-91.2703,33.81,45.7,1576,3398,1329,2993,1735,1532,1468,350,1015,2291,984,1245
"SUBIACO, AR",-93.6369,35.3028,152.4,1033,1649,674,1776,2970,2355,942,2489,379,1210,1667,517
"BERKELEY, CA",-122.2589,37.8744,94.5,1578,2516,1286,168,636,0,0,0,83,,256,1303
"BLYTHE, CA",-114.5972,33.6131,81.7,152,48,,269,0,0,0,0,,0,141,21
"CEDARVILLE, CA",-120.1736,41.5336,1423.4,648,1016,319,612,791,50,0,76,368,130,64,538
"CHULA VISTA, CA",-117.0858,32.64,17.1,526,1090,388,48,168,8,0,0,39,0,800,707
"COLFAX, CA",-120.9481,39.0911,725.4,3123,4657,2032,613,1121,13,0,0,569,0,662,2387
"CUYAMACA, CA",-116.5872,32.9897,1414.3,1459,4581,950,225,1300,0,51,0,110,0,1532,2216
"DAVIS 2 WSW EXP, CA",-121.7761,38.535,18.3,1535,2445,1440,49,742,0,0,0,18,0,133,1787
"DEATH VALLEY, CA",-116.8669,36.4622,-59.1,90,145,282,0,83,0,5,51,3,0,61,114
"EUREKA WFO WOODLEY IS, CA",-124.1603,40.8097,6.1,1695,3667,1217,637,664,0,0,46,490,384,445,1939
"FAIRMONT, CA",-118.4275,34.7042,932.7,1513,1799,812,13,208,0,0,0,0,0,559,1106
"FT BRAGG 5 N, CA",-123.7567,39.5092,37.5,1863,3792,1930,598,1667,6,13,61,197,187,,1644
"FRESNO YOSEMITE AP, CA",-119.7194,36.78,101.5,567,829,322,99,605,0,0,0,0,0,183,549
"HANFORD 1 S, CA",-119.6356,36.3219,74.7,484,584,326,78,461,0,0,0,0,0,171,501
"HEALDSBURG, CA",-122.8731,38.6175,32.9,,5974,3067,1034,1200,0,0,0,8,0,0,3060
"INDIO FIRE STN, CA",-116.2153,33.7086,-6.4,140,344,41,0,0,0,6,0,56,0,115,328
"LEMON COVE, CA",-119.0264,36.3817,156.4,519,1197,1224,174,580,0,3,0,0,0,333,620
"LIVERMORE, CA",-121.7692,37.6922,146.3,677,1602,657,77,415,0,0,0,56,0,247,739
"MERCED, CA",-120.5117,37.2858,46.6,697,861,568,5,416,0,0,0,0,0,51,821
"MT SHASTA, CA",-122.3081,41.3206,1094.2,2329,3965,1447,897,1439,81,,,482,70,441,1569
"NAPA STATE HOSPITAL, CA",-122.2647,38.2778,10.7,1895,2810,1417,122,760,0,0,0,0,0,244,1413
"NEEDLES AP, CA",-114.6189,34.7675,271.3,348,440,140,82,48,0,0,13,140,0,685,263
"NEWPORT BEACH HARBOR, CA",-117.8803,33.6025,3,893,1064,232,13,99,0,10,0,0,0,440,804
"OJAI, CA",-119.2275,34.4478,227.1,1986,2332,1172,29,409,16,0,0,0,0,503,1578
"ORLAND, CA",-122.1997,39.7458,77.4,1602,2710,1112,53,887,0,0,5,224,5,153,1254
"PASADENA, CA",-118.1447,34.1483,263.3,1719,2814,656,46,359,28,3,0,3,0,648,1282
"PASO ROBLES, CA",-120.6856,35.6278,213.4,1346,1705,764,20,209,0,0,0,0,0,355,1327
"PETALUMA AP, CA",-122.6078,38.2578,6.1,1462,2785,1385,156,714,0,0,0,13,5,214,1669
"QUINCY, CA",-120.9475,39.9367,1042.4,3185,5268,2002,618,1036,478,0,3,452,38,253,2409
"REDDING MUNI AP, CA",-122.2986,40.5175,151.5,1973,2234,2371,531,1028,0,0,257,76,24,528,1913
"REDLANDS, CA",-117.1894,34.0528,401.7,806,1439,569,18,366,3,0,0,0,0,683,704
"SAN LUIS OBISPO POLY, CA",-120.6639,35.3056,96,1785,1884,1527,56,481,0,0,0,0,0,579,1072
"SANTA BARBARA, CA",-119.6844,34.4167,1.5,1977,1603,952,45,479,22,0,0,0,0,547,1571
"SANTA CRUZ, CA",-121.9911,36.9906,39.6,1817,2795,1834,239,1098,3,16,0,35,0,,1421
"SANTA ROSA, CA",-122.6978,38.4381,53,1955,4355,1806,380,929,0,0,0,32,0,404,2278
"SUSANVILLE 2SW, CA",-120.6631,40.4167,1275.3,236,1577,363,224,332,107,0,0,356,0,26,861
"TAHOE CITY, CA",-120.1428,39.1678,1898.9,2111,4410,1279,462,697,86,0,0,275,5,275,2133
"TEJON RANCHO, CA",-118.7497,35.0233,434.3,450,1176,467,205,1112,67,0,0,0,0,699,787
"WEAVERVILLE, CA",-122.9331,40.7222,599.8,1979,3751,1354,1461,826,244,0,,178,,,
"WILLOWS 6 W, CA",-122.3058,39.5231,71,1606,2880,1012,51,596,0,0,21,51,0,640,680
"YOSEMITE PARK HQ, CA",-119.5897,37.75,1224.7,669,4190,,553,1359,43,0,0,16,0,509,1170
"YREKA, CA",-122.6408,41.7036,800.1,559,1636,213,385,277,0,0,155,211,118,168,512
"BOULDER, CO",-105.2667,39.9919,1671.5,400,188,720,473,988,539,563,27,143,615,605,89
"CANON CITY, CO",-105.2256,38.46,1635.6,245,153,218,191,923,165,361,185,86,408,164,120
"CHEESMAN, CO",-105.2783,39.2203,2097,261,183,561,214,455,413,651,216,159,310,194,114
"CHEYENNE WELLS, CO",-102.3486,38.8236,1295.4,68,183,272,58,735,927,1904,,,,,
"DEL NORTE 2E, CO",-106.3247,37.6742,2396.9,216,72,501,323,313,204,560,359,131,105,87,234
"DILLON 1 E, CO",-106.0353,39.6261,2763,232,154,813,493,548,390,218,383,131,382,163,252
"EADS, CO",-102.7808,38.4775,1284.7,134,252,239,30,554,694,892,803,36,137,40,0
"FT COLLINS, CO",-105.1314,40.6147,1525.2,125,41,513,454,742,659,317,52,183,238,455,145
"FT MORGAN, CO",-103.8156,40.26,1328.6,76,137,793,248,392,489,94,602,216,454,597,36
"FRUITA, CO",-108.7331,39.1653,1378.9,334,271,621,303,316,90,258,36,263,10,120,338
"GUNNISON 3SW, CO",-106.9675,38.5258,2323.8,235,476,347,131,,156,,40,28,176,82,51
"HERMIT 7 ESE, CO",-107.1097,37.7717,2757.8,175,670,752,345,280,195,259,325,185,20,515,221
"HOLLY, CO",-102.1236,38.0494,1033.3,155,71,331,101,754,849,174,811,599,43,23,137
"LAMAR, CO",-102.6306,38.0936,1105.5,127,203,212,48,336,872,135,704,170,66,49,87
"LAS ANIMAS, CO",-103.2153,38.0636,1185.7,190,138,244,66,352,615,584,796,25,117,68,43
"MONTROSE #2, CO",-107.8792,38.4858,1764.5,42,242,370,242,241,,,14,35,78,193,154
"ROCKY FORD 2 SE, CO",-103.6933,38.0392,1271,265,112,295,83,250,391,650,386,20,190,102,124
"STEAMBOAT SPRINGS, CO",-106.8233,40.4883,2094,586,522,890,526,1198,1255,268,305,334,414,285,630
"TELLURIDE 4WNW, CO",-107.8733,37.9492,2643.2,233,344,746,316,696,379,622,290,46,74,354,415
"TRINIDAD, CO",-104.4869,37.1786,1837.9,210,180,232,283,563,157,805,514,71,280,99,198
"WRAY, CO",-102.2189,40.0583,1121.7,43,46,238,41,854,715,1128,874,177,44,150,195
"GROTON, CT",-72.0394,41.3506,12.2,1572,883,,,,,1522,1334,262,2037,867,
"STAMFORD 5 N, CT",-73.5475,41.1247,57.9,,508,787,1230,1395,,1842,504,211,2362,,
"STORRS, CT",-72.2283,41.795,198.1,1595,682,959,2123,1121,830,877,1924,580,1597,855,1809
"DOVER, DE",-75.5167,39.2583,9.1,630,399,750,1031,893,1698,786,435,417,1038,264,1000
"ARCADIA, FL",-81.8739,27.2181,9.1,1152,526,549,501,1216,1256,1742,2967,606,806,454,664
"BARTOW, FL",-81.8433,27.8986,38.1,701,703,377,596,385,3097,2865,2114,729,1440,260,306
"FEDERAL POINT, FL",-81.5389,29.755,1.5,895,446,575,1180,925,1999,1689,1466,675,1446,698,1378
"FT LAUDERDALE, FL",-80.2011,26.1019,4.9,1150,838,699,310,915,2440,1743,3319,490,1273,1773,2284
"FT MYERS PAGE FLD, FL",-81.8614,26.585,4.6,1296,625,227,580,1415,1555,2664,3381,727,1266,153,1450
"FT PIERCE, FL",-80.3539,27.4622,7.6,1413,290,695,780,1437,1223,2119,1979,1168,1578,804,1357
"INVERNESS 3 SE, FL",-82.3125,28.8031,12.2,1039,341,44,701,356,1824,2957,3316,463,1709,440,851
"KEY WEST INTL AP, FL",-81.7522,24.555,1.2,446,328,457,615,892,224,721,1106,1043,937,264,1960
"LAKE CITY 2 E, FL",-82.5942,30.1853,59.4,1061,454,929,457,222,1330,3236,1723,54,749,951,960
"OCALA, FL",-82.0778,29.0803,22.9,1141,426,122,925,1412,1835,1928,1849,511,1194,321,889
"PENSACOLA RGNL AP, FL",-87.1869,30.4781,34.1,720,578,393,1384,715,1941,1203,3136,0,1191,276,1819
"PERRINE 4W, FL",-80.4361,25.5819,3,538,476,402,898,1122,2722,2857,2639,1039,1095,128,957
"SAINT LEO, FL",-82.26,28.3378,57.9,931,267,241,807,451,3202,1964,1605,618,1628,569,1077
"TALLAHASSEE WSO AP, FL",-84.3533,30.3931,16.8,882,286,761,827,376,1361,2106,1122,0,1106,220,878
"TARPON SPGS SEWAGE PL, FL",-82.7644,28.1586,2.4,1052,585,389,1017,513,3049,2964,3557,1062,1534,480,1039
"TITUSVILLE, FL",-80.8158,28.6242,1.5,1071,706,662,241,1668,3099,2204,2515,793,2311,765,1011
"ALBANY 3 SE, GA",-84.1489,31.5339,54.9,1359,,,,607,3006,,1139,688,,513,1881
"BRUNSWICK, GA",-81.5022,31.1681,4,513,175,,,,1930,773,2230,365,1282,1164,
"CAMILLA 3SE, GA",-84.2036,31.1903,53.3,939,681,1050,1053,551,2451,943,677,490,680,404,998
"DAHLONEGA, GA",-83.99,34.5292,475.5,2096,3224,1501,2313,456,2028,1343,882,94,2496,1074,1670
"EASTMAN 1 W, GA",-83.2058,32.2003,121.9,1256,138,559,830,191,1064,1457,717,178,2648,672,2436
"GAINESVILLE, GA",-83.86,34.3006,356.6,1429,2202,927,1226,849,1401,459,635,0,871,875,1532
"HAWKINSVILLE, GA",-83.4681,33.2842,74.7,1616,185,541,684,506,1327,956,1232,439,1993,691,2735
"NEWNAN 5N, GA",-84.8178,33.4544,272.5,1783,1402,762,1403,711,2076,327,660,122,1103,1305,2044
"ROME, GA",-85.1514,34.2453,200.9,1768,2569,1473,1216,413,910,539,1544,203,2090,810,1801
"SAVANNAH INTL AP, GA",-81.21,32.13,14,648,227,431,634,773,3062,937,862,322,1850,1572,1732
"TALBOTTON, GA",-84.5197,32.6875,195.1,1519,731,1033,1067,724,1754,1066,,76,,754,2162
"TIFTON, GA",-83.4767,31.4461,115.8,841,499,839,312,498,1573,794,1786,254,952,,1404
"TOCCOA, GA",-83.3319,34.5786,308.5,1640,2353,1016,2067,506,1479,1065,824,21,1658,764,1929
"WASHINGTON 2 ESE, GA",-82.7058,33.7264,189,1233,339,456,699,627,1560,642,1109,0,694,694,1868
"WEST POINT, GA",-85.1892,32.8694,175.3,1341,629,950,1721,714,1404,821,1064,399,1092,707,1799
"ABERDEEN EXP STN, ID",-112.8253,42.9536,1342.6,189,676,210,336,257,68,74,51,467,92,41,252
"ASHTON 1N, ID",-111.2739,44.0425,1588.6,,1170,208,539,605,304,163,61,1103,170,,271
"BERN, ID",-111.385,42.3353,1817.8,412,636,419,788,1069,227,71,10,898,416,270,412
"CAMBRIDGE, ID",-116.6753,44.5733,807.7,690,1929,489,762,698,236,36,79,364,229,167,699
"COEUR D'ALENE, ID",-116.8017,47.6789,650.1,457,1102,206,710,645,451,66,383,395,385,272,616
"DWORSHAK FISH HATCHERY, ID",-116.3217,46.5022,303.3,883,819,410,1461,967,476,229,153,456,651,404,869
"GLENNS FERRY, ID",-115.3231,42.9403,751.6,382,481,203,286,343,15,122,15,92,138,99,271
"GRACE, ID",-111.7275,42.5872,1691.6,206,500,270,549,851,419,132,71,1250,185,117,173
"KELLOGG, ID",-116.1267,47.5311,707.1,768,1351,207,676,704,389,437,411,487,779,334,284
"LEWISTON AP, ID",-117.0156,46.3747,437.7,145,869,227,575,204,253,63,67,268,234,159,347
"LIFTON PUMPING STN, ID",-111.3139,42.1231,1806.2,128,193,361,455,947,153,33,244,943,110,202,263
"MACKAY LOST RIVER RS, ID",-113.6317,43.9181,1797.4,,,102,281,538,100,186,59,412,148,172,102
"MALAD CITY, ID",-112.2872,42.1492,1362.5,369,,76,,,,275,51,444,93,131,
"MOSCOW U OF I, ID",-116.9608,46.7244,810.8,603,917,230,1178,567,316,25,56,369,793,202,659
"OAKLEY, ID",-113.8981,42.2342,1389.6,183,412,270,312,1201,54,149,51,427,85,38,490
"PORTHILL, ID",-116.5031,48.9958,541,430,471,175,317,95,420,210,262,361,402,252,
"PRIEST RIVER EXP STN, ID",-116.8358,48.3514,725.4,807,977,312,673,260,272,168,305,418,620,529,1172
"SALMON-KSRA, ID",-113.9008,45.1875,1198.2,,,,316,165,102,269,88,287,82,21,153
"SANDPOINT EXP STN, ID",-116.5578,48.2928,640.1,446,532,118,599,309,137,131,126,432,335,441,1184
"ALEDO, IL",-90.7478,41.1961,219.5,783,672,650,978,3137,1195,438,513,2243,762,452,352
"AURORA, IL",-88.3092,41.7806,201.2,639,685,629,1239,3039,978,1532,802,2272,1801,439,462
"CHARLESTON, IL",-88.1653,39.4761,198.1,885,557,1879,1300,998,1938,975,1070,215,1609,766,705
"DANVILLE, IL",-87.6483,40.1389,170.1,731,600,1199,1268,1453,1242,324,635,1148,1184,526,550
"DECATUR WTP, IL",-88.9525,39.8275,189,808,429,1229,1425,1346,1298,285,1845,1287,1267,542,366
"DIXON 1 NW, IL",-89.5047,41.8472,213.4,999,1441,587,1151,2654,,,1060,2015,991,708,516
"DU QUOIN 4 SE, IL",-89.1931,37.9878,128,1416,1460,1384,1675,1664,1749,694,640,256,1657,1014,528
"GALVA, IL",-90.0356,41.1744,246.9,760,697,787,1039,2821,1631,186,617,4178,828,364,412
"HILLSBORO, IL",-89.4833,39.15,192,885,493,1444,1321,2363,1190,656,1451,204,1403,605,629
"HOOPESTON 1 NE, IL",-87.6561,40.4744,216.4,638,377,1204,1266,1313,1590,742,171,1107,1015,413,423
"JACKSONVILLE 2E, IL",-90.1978,39.7347,185.9,682,562,1201,1187,2465,1748,434,903,693,1072,527,479
"LA HARPE, IL",-90.9686,40.5839,210.3,523,415,1130,530,3181,1649,394,840,2041,709,376,300
"LINCOLN, IL",-89.3381,40.1514,177.7,817,630,1365,1367,1737,1313,311,884,1100,1204,501,380
"MINONK, IL",-89.0339,40.9125,228.6,618,693,882,1128,2815,735,582,1042,3887,1250,486,423
"MONMOUTH, IL",-90.6392,40.9247,227.1,763,659,1010,867,3237,1175,168,962,2498,808,268,384
"MORRISON, IL",-89.9744,41.8039,183.8,683,1001,566,1221,2434,1430,433,927,1852,776,587,393
"MT CARROLL, IL",-89.9842,42.0981,195.1,865,1023,557,1115,1855,1413,733,1163,2485,808,646,487
"MT VERNON 3 NE, IL",-88.8533,38.3483,149.4,1209,1161,1327,1385,2399,1467,995,1221,353,2026,1077,675
"OLNEY 2S, IL",-88.0819,38.7003,146.3,1186,1136,1200,1684,2132,2157,1290,805,274,1513,1024,854
"OTTAWA 5SW, IL",-88.9106,41.3283,160,735,646,674,1010,2693,1290,1165,834,2654,1210,394,389
"PALESTINE, IL",-87.6225,39.0028,140.2,993,1042,948,1676,2277,2504,1629,1344,188,1590,1016,725
"PANA 3E, IL",-89.0242,39.3722,213.4,1090,671,1579,977,2014,1586,1240,1354,457,1506,647,661
"PARIS WTR WKS, IL",-87.6933,39.6356,207.3,1029,662,1273,1267,971,1856,585,989,547,1155,688,583
"URBANA, IL",-88.2403,40.0839,219.8,979,484,1293,1243,1548,715,858,557,854,1271,485,461
"WALNUT, IL",-89.5989,41.5519,210.3,799,899,714,1388,2657,1254,202,1209,2869,864,414,415
"WHITE HALL 1 E, IL",-90.3789,39.4411,176.8,952,698,1448,1304,1993,1442,594,1545,688,1364,493,481
"WINDSOR, IL",-88.5986,39.4381,210.3,956,489,1153,957,1679,1876,716,1390,262,1821,560,495
"ANDERSON SEWAGE PLT, IN",-85.7175,40.1122,257.6,358,1008,1109,1519,1178,1409,948,685,295,907,617,688
"ANGOLA, IN",-84.9897,41.6397,307.8,774,394,1000,1187,1195,1782,1410,1193,1497,928,591,795
"BERNE WWTP, IN",-84.9305,40.6683,265.2,1023,960,951,1529,1959,841,1264,816,313,813,407,778
"BLOOMINGTON IN UNIV, IN",-86.5214,39.1742,253,1424,1941,937,1681,991,2107,1262,,0,230,995,918
"BROOKVILLE, IN",-85.0128,39.4239,192,1277,1708,985,1263,1292,1955,539,319,56,1059,612,974
"COLUMBUS, IN",-85.9211,39.1978,189.3,1335,1693,1012,1525,1405,3390,466,991,168,1393,816,1047
"CRAWFORDSVILLE 6 SE, IN",-86.8011,40.0028,256,1004,817,1159,1231,1783,861,530,1253,397,959,598,757
"GOSHEN 3SW, IN",-85.8825,41.5575,266.7,593,609,692,1462,1347,1474,550,659,1411,977,408,648
"GREENFIELD, IN",-85.7611,39.7858,263.7,1091,1353,1187,1632,1934,2680,1408,841,158,917,642,1002
"HUNTINGTON, IN",-85.4981,40.8556,221,789,644,1009,1262,1604,663,1184,1023,980,861,521,749
"LAPORTE, IN",-86.7297,41.6117,257.6,520,592,1001,1400,1889,1315,443,668,2335,1290,514,572
"MADISON SEWAGE PLT, IN",-85.3942,38.7369,140.2,924,1952,,1553,1431,2070,968,613,39,960,1201,1055
"MARION 2 N, IN",-85.6586,40.58,240.8,864,764,1038,1548,2337,826,1300,491,699,981,585,710
"MT VERNON, IN",-87.8956,37.9286,108.8,1051,1565,1427,1459,1303,1358,1035,1300,30,1352,1017,1002
"OOLITIC PURDUE EX FRM, IN",-86.5519,38.8894,198.1,1113,1523,1469,1393,1715,2436,477,762,84,1375,1015,1090
"PRINCETON 1 W, IN",-87.5906,38.3567,146.3,1209,1625,1497,1753,2345,2140,1608,1504,143,1105,651,546
"RENSSELAER, IN",-87.1564,40.9356,198.1,902,511,748,1199,2084,772,1246,343,1755,1064,272,554
"ROCHESTER, IN",-86.2094,41.0658,234.7,891,408,732,1233,1510,897,349,944,1699,804,207,502
"ROCKVILLE, IN",-87.2269,39.7594,211.2,835,953,1266,1389,1458,1524,416,1255,564,1062,546,1509
"RUSHVILLE, IN",-85.4528,39.6042,292.6,859,1515,669,1186,1110,1694,753,433,148,1274,637,1312
"SHOALS 8 S, IN",-86.7944,38.5528,154.2,1215,1711,1486,1705,2077,2277,1042,1610,119,1489,918,787
"VINCENNES 5 NE, IN",-87.4878,38.7386,137.2,753,1817,1291,1878,2007,1149,1763,1276,170,1388,1006,842
"WASHINGTON 1 W, IN",-87.1989,38.6489,152.4,1103,1505,1633,1475,1822,1778,1074,1175,89,1359,1275,1046
"WHITESTOWN, IN",-86.3542,39.9961,289,693,790,502,1053,1146,1033,251,679,138,572,150,302
"WINAMAC 2SSE, IN",-86.5867,41.0267,210.3,794,679,770,1776,1462,736,570,734,1654,932,447,766
"ALBIA 3 NNE, IA",-92.7867,41.0656,268.2,654,658,698,966,2614,1376,796,1368,1503,638,320,237
"ALGONA 3 W, IA",-94.3053,43.0683,377.6,110,595,552,1029,1828,757,1172,929,1131,1352,605,410
"BELLE PLAINE, IA",-92.2764,41.8814,246.9,589,362,417,862,1826,919,330,1019,1142,1761,285,307
"CHARLES CITY, IA",-92.6714,43.0775,309.1,234,497,292,985,1963,632,1292,557,1220,1667,487,113
"CLARINDA, IA",-95.0192,40.7244,298.7,285,494,893,302,2476,750,1197,790,2022,1268,158,226
"CLINTON #1, IA",-90.2639,41.7947,178.3,602,683,463,1535,2457,831,1023,1157,2463,907,496,216
"ESTHERVILLE 2 N, IA",-94.8219,43.43,396.8,104,383,411,998,1674,1073,1470,797,1601,1220,480,289
"FAIRFIELD, IA",-91.9553,41.0211,225.6,746,807,626,713,2928,872,551,736,1955,500,292,232
"FAYETTE, IA",-91.8158,42.8503,344.4,243,413,218,435,1370,931,1229,709,1856,1597,526,313
"FOREST CITY 2 NNE, IA",-93.6306,43.2844,396.2,,,,807,2203,616,760,526,1695,1654,429,94
"FORT DODGE 5NNW, IA",-94.2006,42.5836,347.5,254,635,676,883,1623,1207,1464,655,1354,1391,285,362
"INDIANOLA 2W, IA",-93.6481,41.3656,287.1,267,414,421,423,2736,801,784,1275,1413,1831,254,285
"IOWA FALLS, IA",-93.2536,42.5189,344.4,241,528,446,973,1739,953,1397,1408,1663,1576,413,479
"LE MARS, IA",-96.1458,42.7817,364.2,24,369,592,1130,1815,617,1092,961,1024,1228,686,520
"LOGAN, IA",-95.7883,41.6381,301.8,61,525,921,383,2092,838,498,925,1695,1471,288,511
"MT AYR, IA",-94.2428,40.7053,359.7,214,621,1117,762,2976,1000,856,1036,1563,1132,234,450
"MT PLEASANT 1 SSW, IA",-91.5647,40.9486,222.5,745,773,725,828,3475,1370,396,780,2273,680,434,355
"NEW HAMPTON, IA",-92.3122,43.0453,349.9,414,699,339,991,2379,1652,1184,737,1216,1536,563,79
"ROCK RAPIDS, IA",-96.1686,43.43,411.5,38,439,661,1493,1813,1113,2076,443,1161,1234,434,316
"ROCKWELL CITY, IA",-94.6292,42.3969,364.2,76,164,249,547,2318,1478,1042,703,875,1049,211,403
"STORM LAKE 2 E, IA",-95.1694,42.6347,434.3,6,,701,987,1980,1082,805,,,1084,557,43
"TOLEDO 3N, IA",-92.5806,42.0356,289.3,273,601,297,533,2176,1236,652,802,1089,1417,332,248
"WASHINGTON, IA",-91.7067,41.2828,210.3,619,792,481,863,2530,917,272,563,1569,458,314,343
"ANTHONY, KS",-98.0283,37.155,408.4,295,204,526,1099,3516,1664,23,1095,488,1437,175,259
"ASHLAND, KS",-99.7633,37.1942,600.5,145,208,511,112,3137,1050,567,724,8,312,84,346
"ATCHISON, KS",-95.1108,39.5756,288,417,589,822,460,2610,1780,495,1896,714,805,202,399
"COLDWATER, KS",-99.3272,37.2706,634.9,132,157,464,134,3247,518,343,1331,121,343,117,292
"COLUMBUS, KS",-94.8397,37.1764,275.8,727,512,764,458,5123,2559,737,2946,1115,1058,450,440
"EL DORADO, KS",-96.8444,37.8183,393.2,382,287,870,863,4072,2016,204,2587,645,820,231,498
"ELLSWORTH, KS",-98.2267,38.7278,466.3,457,171,716,307,2581,800,808,1821,124,414,209,382
"FT SCOTT, KS",-94.7086,37.8428,257.6,426,365,819,542,3841,1430,860,3684,,,,
"HAYS 1 S, KS",-99.3358,38.8586,612.6,224,196,280,203,2047,482,242,2703,430,381,126,549
"HORTON, KS",-95.5225,39.6703,313.9,349,291,1012,584,3303,1381,513,2949,784,629,159,432
"INDEPENDENCE, KS",-95.7003,37.2364,245.4,625,487,668,531,4260,2182,1447,2925,985,999,384,221
"JETMORE 8NNW, KS",-99.9181,38.1964,740.7,274,216,330,18,2203,732,310,668,69,409,99,383
"LAKIN, KS",-101.2492,37.9411,913.8,160,166,453,13,1624,499,168,375,51,51,86,0
"LAWRENCE, KS",-95.2514,38.9583,306.3,269,303,512,1181,2574,2049,505,4767,951,591,384,417
"LIBERAL, KS",-100.9294,37.0222,863.8,150,191,328,148,1421,800,865,864,107,330,64,361
"MANHATTAN, KS",-96.5814,39.1972,324.6,186,435,639,428,3590,1807,1100,2591,1166,873,187,406
"MCPHERSON, KS",-97.6097,38.3772,463.3,316,332,462,878,2798,1365,333,1425,101,473,56,388
"MINNEAPOLIS, KS",-97.7047,39.1247,402.9,241,349,639,410,3046,825,341,1889,536,351,192,315
"NORTON 9SSE, KS",-99.8356,39.7408,719.3,194,107,534,198,2143,872,375,1094,394,133,346,224
"OBERLIN, KS",-100.5331,39.8183,795.5,89,205,580,102,2059,890,592,1497,339,272,259,287
"OTTAWA, KS",-95.2808,38.6133,280.1,819,470,813,1116,3889,1946,419,4648,1054,536,318,391
"SAINT FRANCIS, KS",-101.8097,39.7675,1024.7,,35,149,81,907,879,361,1491,204,71,157,119
"SCOTT CITY, KS",-100.9189,38.4819,905.3,206,261,565,69,1405,407,557,880,313,71,130,196
"SEDAN, KS",-96.1861,37.1317,274.3,582,340,,,,,,1680,1229,875,327,181
"SMITH CTR, KS",-98.7783,39.7772,542.5,107,220,400,23,1349,742,1112,1161,313,551,160,530
"WAKEENEY, KS",-99.8831,39.0297,749.8,127,67,270,125,2053,557,165,2172,347,98,66,23
"ASHLAND, KY",-82.6131,38.4536,170.7,775,1585,672,769,1742,1891,831,1632,49,1404,1039,1795
"BARBOURVILLE, KY",-83.8819,36.8825,301.8,,3572,,1498,1318,1928,1736,423,33,1490,1410,
"BOWLING GREEN RGNL AP, KY",-86.4239,36.9647,160.9,836,2831,641,1238,781,2099,988,1515,53,1789,1624,1387
"FARMERS 2 S, KY",-83.55,38.1167,207.3,1187,1559,788,1052,728,2030,2155,1689,132,1573,899,2212
"GREENSBURG, KY",-85.5022,37.2592,179.8,,,381,1234,635,1979,,618,0,2045,814,1402
"HENDERSON 8 SSW, KY",-87.6456,37.7558,136.9,1110,1888,1487,1359,1322,1664,718,1265,23,1590,1154,1049
"HOPKINSVILLE, KY",-87.5206,36.8492,158.5,673,2797,568,1216,892,1317,1369,970,259,1520,1453,1053
"ALEXANDRIA, LA",-92.4611,31.3206,26.5,1842,875,363,2131,2084,1285,1789,395,204,1096,634,355
"BATON ROUGE METRO AP, LA",-91.1469,30.5372,19.5,885,662,297,2515,2464,1881,1821,1980,645,1983,437,715
"BUNKIE, LA",-92.1786,30.9594,24.4,1863,1336,277,2885,1972,1191,5390,962,607,1398,352,849
"DONALDSONVILLE 4 SW, LA",-91.0275,30.0717,9.1,790,1027,652,1716,1258,1383,2040,1828,97,2009,355,681
"FRANKLIN 3 NW, LA",-91.5442,29.8233,3.7,563,1470,431,2266,1722,1434,3444,3581,349,2385,97,760
"GRAND COTEAU, LA",-92.0439,30.4192,16.8,1020,703,332,2794,2638,2604,1680,1454,429,1832,739,564
"JENNINGS, LA",-92.6642,30.2003,7.6,1345,600,401,2591,3689,2483,1848,1243,1201,1235,552,327
"LAFAYETTE FCWOS, LA",-91.9875,30.205,11.6,1016,448,94,1245,2342,3404,2701,2186,611,1800,737,627
"NEW ORLEANS AUDUBON, LA",-90.1303,29.9167,6.1,1011,1632,471,2352,2192,1121,5376,1970,0,1958,163,991
"PLAIN DEALING 4 W, LA",-93.7981,32.9078,88.4,,,706,2513,2275,2363,466,0,79,1957,,
"ST JOSEPH 3 N, LA",-91.2336,31.9497,23.8,2758,1283,611,2008,1432,1684,2350,681,6,2166,213,1164
"THIBODAUX 3 ESE, LA",-90.78,29.7758,4.6,766,929,534,2017,1456,666,1167,2565,235,2717,133,895
"BRASSUA DAM, ME",-69.812,45.6603,323.1,1276,603,298,1503,1572,1001,821,1150,909,1215,1172,492
"CORINNA, ME",-69.2417,44.9197,90.5,1386,681,487,1228,1195,1287,953,1397,1360,1332,1440,1031
"FARMINGTON, ME",-70.1567,44.6889,128,1586,822,610,1244,1204,1319,619,1106,797,1869,879,898
"GARDINER, ME",-69.7889,44.2203,42.7,1431,620,563,1174,1065,1512,726,897,421,2013,1153,1170
"PORTLAND JETPORT, ME",-70.3003,43.6497,13.7,1404,1004,685,1319,1043,1486,643,1136,108,1583,750,2156
"WOODLAND, ME",-67.4044,45.1572,42.7,1126,567,768,1332,1097,1061,1381,1461,794,1025,1276,1031
"BELTSVILLE, MD",-76.9314,39.0303,44.2,999,791,1067,394,1564,606,1121,975,94,1489,524,776
"CUMBERLAND 2, MD",-78.7561,39.6419,222.5,977,1139,680,1113,1281,1155,1543,625,102,1030,236,818
"MD SCI CTR BALTIMORE, MD",-76.61,39.2811,6.1,922,956,1342,493,1366,696,872,1344,21,1629,287,896
"OAKLAND 1 SE, MD",-79.4,39.4133,737.6,863,1260,458,1082,2238,2046,1192,571,540,1278,382,778
"ROYAL OAK 2 SSW, MD",-76.1897,38.7144,3,613,1019,1191,784,1357,1226,528,630,24,1306,399,954
"AMHERST, MA",-72.5375,42.3861,45.7,1294,813,352,1876,787,788,777,1047,281,1195,724,1490
"BLUE HILL, MA",-71.1136,42.2122,192,1360,907,1014,2121,1172,1037,1246,605,323,1758,1001,1973
"LAWRENCE, MA",-71.1658,42.6992,15.2,994,825,602,1389,647,1406,1415,1000,107,1680,743,1688
"NEW BEDFORD, MA",-70.9333,41.6333,21.3,1091,1072,679,1698,1024,1493,1873,956,,,,
"READING, MA",-71.1264,42.5242,27.4,1063,932,761,1572,746,1271,1203,859,413,1596,860,1648
"WALPOLE 2, MA",-71.2458,42.1608,50.3,1532,888,843,2014,1174,1072,1551,1240,319,1393,916,1688
"ADRIAN 2 NNE, MI",-84.0158,41.9164,231.6,430,406,793,1201,1641,1323,510,1193,1063,1656,417,650
"ALMA, MI",-84.6492,43.3864,224,724,576,403,480,1539,1374,354,623,1738,2025,770,996
"ANN ARBOR U OF, MI",-83.7108,42.2947,274.3,554,695,762,1198,1183,1407,1303,714,1187,1224,616,709
"BIG RAPIDS WTR WKS, MI",-85.4822,43.7072,283.5,764,868,669,751,1667,1112,725,1030,1410,1728,794,862
"CHATHAM EXP FARM 2, MI",-86.9242,46.3414,265.2,679,1063,242,650,1405,639,360,688,1292,1729,806,1200
"CHEBOYGAN, MI",-84.4725,45.6528,179.2,574,735,258,736,1110,1051,417,133,1224,1723,625,844
"COLDWATER ST SCHOOL, MI",-84.9925,41.9622,299.9,473,467,657,959,1324,1181,1118,447,1220,1848,478,830
"EAST TAWAS, MI",-83.5036,44.2839,178.6,812,603,355,663,1030,1113,902,409,957,978,883,977
"HART 3 WSW, MI",-86.4239,43.6747,234.7,883,795,557,764,1176,1384,567,1682,1417,2362,1068,892
"HILLSDALE, MI",-84.6411,41.9353,329.2,842,514,812,1479,1782,1218,762,898,1540,1709,576,936
"IRON MT KINGSFORD WWTP, MI",-88.0842,45.7858,326.4,360,1171,218,848,1469,412,915,689,1412,1051,307,1136
"IRONWOOD, MI",-90.1892,46.4656,435.9,373,919,423,1521,1217,718,882,500,1153,1044,1137,1580
"MIDLAND, MI",-84.2011,43.6089,195.1,390,692,404,391,942,1433,327,356,1865,1968,552,932
"MT CLEMENS ANG BASE, MI",-82.8183,42.6083,176.8,426,594,725,1313,978,935,638,1385,878,1138,392,420
"MT PLEASANT UNIV, MI",-84.7697,43.5858,242.6,887,587,303,529,1373,1109,350,516,1637,2082,1140,1098
"MUNISING, MI",-86.6625,46.4122,207.3,1181,1525,466,829,1480,814,283,827,1326,1784,1300,1320
"NEWBERRY 3S, MI",-85.5106,46.3133,259.1,769,1052,581,1116,1580,,,,1221,1225,493,
"OWOSSO WWTP, MI",-84.18,43.0161,222.5,578,638,466,717,1134,1855,735,633,1177,1710,685,723
"STAMBAUGH 2SSE, MI",-88.6275,46.0556,442,245,1013,202,912,1320,270,773,687,2023,1130,370,981
"ADA, MN",-96.5161,47.2992,276.5,220,565,384,440,681,931,1187,1198,1063,1037,96,641
"ALBERT LEA 3 SE, MN",-93.3019,43.6064,374.9,298,573,627,856,1766,745,1265,372,1544,1216,624,419
"ARGYLE, MN",-96.8253,48.3311,258.2,213,504,267,166,399,784,993,,,,,
"BAUDETTE, MN",-94.5869,48.7094,323.7,152,504,172,,,,,,2307,1349,230,285
"CLOQUET, MN",-92.5253,46.7047,385.6,174,496,290,602,1023,1635,813,833,1648,1517,383,1063
"DETROIT LAKES 1 NNE, MN",-95.8372,46.8372,413,118,262,312,520,773,856,1201,1451,1239,847,351,539
"EVELETH WWTP, MN",-92.5303,47.4581,440.4,165,300,321,529,620,858,918,672,1481,855,284,440
"GRAND MEADOW, MN",-92.5644,43.7047,411.5,307,330,262,552,2288,2018,1187,853,2137,1876,506,193
"GRAND RPDS FOREST LAB, MN",-93.4975,47.2436,399.3,213,411,415,636,611,1524,516,956,1249,1134,293,555
"ITASCA UNIV OF MINN, MN",-95.1919,47.2256,454.2,226,574,488,866,750,868,1076,1165,1227,1404,199,1146
"LEECH LAKE, MN",-94.2228,47.2467,396.8,224,435,312,647,578,1121,450,959,1277,1311,168,
"MILAN 1 NW, MN",-95.9269,45.1219,310.9,156,175,701,869,1269,466,2163,1003,1234,1022,158,378
"MINNEAPOLIS/ST PAUL AP, MN",-93.2289,44.8831,265.8,115,654,509,993,1697,692,1647,1597,995,1031,580,465
"MONTEVIDEO 1 SW, MN",-95.7536,44.9364,300.2,328,310,671,919,1352,507,856,414,1202,947,7,
"MORA, MN",-93.3147,45.8775,310.3,92,385,388,663,1410,1558,1252,527,2419,1295,229,732
"MORRIS WC EXP STN, MN",-95.8747,45.5903,347.5,71,204,480,567,1032,1180,1153,1404,1686,767,89,255
"PARK RAPIDS 2 S, MN",-95.0678,46.9006,437.1,69,176,362,442,754,1027,916,912,1349,1052,125,305
"PINE RIVER DAM, MN",-94.1089,46.6694,381,124,285,323,498,861,1271,831,756,1659,1001,185,521
"PIPESTONE, MN",-96.3258,44.0139,519.7,267,325,552,1787,1450,706,1010,541,2524,596,286,266
"ST PETER, MN",-93.9656,44.3222,259.1,124,623,698,1607,1925,646,1712,671,1501,315,401,86
"TWO HARBORS, MN",-91.6653,47.0258,190.5,290,456,321,694,946,804,938,505,1487,1169,288,851
"WALKER AH GWAH CHING, MN",-94.57,47.0744,429.8,33,467,298,643,600,1288,699,1530,1531,1340,90,559
"WINNEBAGO, MN",-94.1872,43.7692,338.3,283,483,588,1205,1680,935,1435,843,1528,1280,671,290
"ZUMBROTA, MN",-92.6661,44.2992,300.2,262,873,518,1098,1496,1493,1936,650,1831,1362,541,330
"ABERDEEN, MS",-88.5214,33.83,60.4,1312,3119,965,,1774,1075,1945,919,0,787,576,1820
"BROOKHAVEN CITY, MS",-90.4581,31.5447,132.6,,,,2604,,,2100,1705,42,2750,686,1880
"CANTON 4N, MS",-90.0361,32.6714,76.2,2741,955,603,3243,1747,1280,1470,1293,350,2524,448,1472
"CLARKSDALE, MS",-90.5572,34.1864,52.7,166,349,300,1307,962,460,197,340,331,2094,2035,1923
"COLUMBIA, MS",-89.8361,31.2503,45.7,1352,1450,633,1974,1842,676,1661,1828,45,3125,493,1493
"CORINTH 7 SW, MS",-88.6178,34.8792,117.3,1353,3489,1010,2326,810,1949,,1212,25,2199,731,
"HATTIESBURG 5SW, MS",-89.3392,31.2547,117.3,1455,2132,890,2250,1256,1154,2485,2407,53,3672,332,971
"HERNANDO, MS",-89.9853,34.8161,115.8,1580,1846,1527,2236,1360,2696,2285,1056,20,3380,940,950
"LAUREL, MS",-89.1236,31.6756,68.6,1279,1096,809,2010,1445,1294,1254,1630,25,,,1546
"NATCHEZ, MS",-91.3408,31.5889,59.4,2346,1270,815,1926,2138,1289,2770,226,541,2130,1158,1179
"POPLARVILLE EXP STN, MS",-89.5453,30.8408,95.4,1646,1707,491,1372,3601,2480,1417,2119,0,2182,559,837
"STATE UNIV, MS",-88.7822,33.4692,56.4,1996,2228,1077,3570,1922,2115,2711,1452,10,3052,938,1724
"UNIVERSITY, MS",-89.5358,34.3803,124.4,1425,4531,799,2319,1817,1826,1520,599,20,1835,863,2019
"WAYNESBORO 2 W, MS",-88.6708,31.6772,61,1532,1531,1056,1858,1260,918,1777,1805,33,3775,896,1486
"APPLETON CITY, MO",-94.0281,38.1869,259.7,658,386,1561,303,2949,1442,1895,2649,1059,1246,425,429
"BOWLING GREEN 1 E, MO",-91.1711,39.3447,270.4,876,486,1270,960,1979,1721,1224,898,612,1169,502,331
"CLINTON, MO",-93.7711,38.395,234.7,261,407,937,420,3206,976,2370,1973,1055,993,159,540
"CONCEPTION, MO",-94.6833,40.2394,337.7,494,404,1114,209,2507,1090,797,2066,2451,438,232,415
"FARMINGTON, MO",-90.4103,37.7922,282.9,854,1346,779,787,1892,1735,1167,1024,224,1345,966,321
"JEFFERSON CITY WTP, MO",-92.1825,38.585,204.2,810,692,1226,727,2221,1046,421,1991,609,1944,566,317
"LAMAR, MO",-94.2697,37.4994,298.7,485,624,986,884,5183,1797,1065,2646,1372,1558,395,366
"LEBANON 2W, MO",-92.6936,37.685,389.8,487,690,652,682,2467,1382,2094,2294,295,1534,650,450
"LOCKWOOD, MO",-93.9489,37.3908,326.1,630,523,1026,632,4287,1458,1475,1960,608,1797,699,274
"MOBERLY, MO",-92.4369,39.4194,262.1,780,583,689,742,2600,1518,1361,1491,909,996,515,433
"MTN GROVE 2 N, MO",-92.2636,37.1528,442,704,1323,1283,683,2411,1681,883,1127,112,1631,1221,518
"NEOSHO, MO",-94.36,36.8639,308.2,1070,,1091,653,3120,2526,764,1691,1036,2428,1068,32
"ROLLA UNI OF MISSOURI, MO",-91.7758,37.9572,355.7,534,954,1388,991,2276,908,1146,2178,191,1144,689,427
"SPICKARD 7 W, MO",-93.7158,40.2472,266.7,568,657,1095,586,4380,1452,1282,1901,2732,611,231,259
"STEFFENVILLE, MO",-91.8872,39.9714,210.3,1001,517,995,772,3439,1644,920,1094,1357,1024,379,477
"SWEET SPRINGS, MO",-93.4194,38.9664,205.7,698,876,573,437,2533,1364,1001,1000,839,785,341,603
"TRUMAN DAM & RSVR, MO",-93.3989,38.2581,192.6,663,615,1230,655,2595,998,1472,2457,1128,1460,467,315
"UNIONVILLE, MO",-93.0031,40.475,323.1,,701,1124,617,3930,1610,717,597,1730,1060,308,390
"WARRENTON 1 N, MO",-91.1386,38.835,252.1,825,562,1516,880,1981,1498,1264,2243,361,1615,148,371
"BIG TIMBER, MT",-109.9503,45.8328,1249.7,99,475,167,933,1037,503,367,307,1048,262,207,0
"BOZEMAN MONTANA ST U, MT",-111.0453,45.6622,1497.5,328,410,280,1000,410,915,432,115,1066,570,287,53
"CHINOOK, MT",-109.2256,48.5883,737.6,0,97,29,188,400,1166,120,323,631,9,338,11
"CHOTEAU, MT",-112.1919,47.8206,1172,157,372,86,812,857,217,290,386,849,333,385,20
"CUT BANK AP, MT",-112.3753,48.6033,1169.8,172,63,97,327,548,239,219,363,345,274,128,51
"DILLON WMCE, MT",-112.6447,45.2128,1593.5,70,,290,273,360,389,226,258,452,258,139,204
"EKALAKA, MT",-104.5461,45.8903,1043.9,123,155,226,354,1041,937,1591,384,988,382,371,72
"ENNIS, MT",-111.7111,45.3394,1509.7,107,500,165,668,375,394,702,216,470,304,116,34
"FLATWILLOW 4 ENE, MT",-108.3133,46.8511,954.9,141,296,46,525,1238,554,436,264,886,179,234,40
"FT ASSINNIBOINE, MT",-109.7972,48.4983,796.4,102,220,58,234,389,824,138,185,662,49,364,55
"GLASGOW INTL AP, MT",-106.6214,48.2139,696.5,75,360,49,221,307,737,393,699,1161,158,217,95
"GLENDIVE, MT",-104.7183,47.1064,632.8,126,263,16,428,648,208,857,1037,2149,194,116,87
"GREAT FALLS AP, MT",-111.3822,47.4733,1116.8,249,657,141,487,555,371,296,292,542,317,326,44
"HAMILTON, MT",-114.1642,46.2553,1080.5,,493,183,,331,228,530,135,449,67,414,
"HELENA AP ASOS, MT",-111.9636,46.6056,1166.8,120,586,254,321,621,199,445,411,770,255,207,10
"HUNTLEY EXP STN, MT",-108.2444,45.9228,924.8,60,368,71,465,883,590,435,135,930,255,206,127
"HYSHAM 25 SSE, MT",-107.1375,45.9353,944.9,183,188,103,411,751,597,870,512,815,149,130,54
"KALISPELL GLACIER AP, MT",-114.2636,48.3042,901.3,313,445,128,578,226,711,257,175,641,234,254,239
"LIVINGSTON 12 S, MT",-110.5689,45.4836,1484.4,211,483,119,590,331,775,737,116,926,370,375,39
"MALTA 7 E, MT",-107.7286,48.3939,680,71,226,122,,445,871,418,499,848,72,198,49
"MEDICINE LAKE 3 SE, MT",-104.4514,48.4828,591.9,,96,0,86,64,844,580,872,1545,113,51,32
"MILES CITY AP, MT",-105.8825,46.4267,799.8,19,76,59,544,724,382,719,350,724,69,44,8
"NORRIS MADISON PH, MT",-111.6325,45.4856,1446.3,176,1167,330,1090,623,257,608,259,640,601,168,115
"PLEVNA, MT",-104.5164,46.4178,847.3,142,207,87,361,735,582,1221,504,974,246,204,60
"RED LODGE, MT",-109.2497,45.1797,1718.2,463,275,243,853,1354,747,837,274,1051,640,442,94
"SAVAGE, MT",-104.3378,47.4536,602,100,278,0,348,574,654,604,612,2617,155,67,46
"VIDA 6 NE, MT",-105.3686,47.88,696.2,41,341,0,313,356,863,753,66,2009,81,124,43
"ALBION, NE",-98.0036,41.6867,545.6,34,183,1083,452,1264,1696,600,1336,201,483,423,377
"ATKINSON 3SW, NE",-99.0303,42.5136,637,60,273,650,754,1987,877,704,2230,1498,374,354,315
"AUBURN 5 ESE, NE",-95.7467,40.3703,283.5,298,414,871,297,2319,984,686,1205,1275,1040,84,170
"BEATRICE 1N, NE",-96.75,40.2994,395.3,212,246,876,425,2247,1498,823,1882,1103,494,48,298
"BEAVER CITY, NE",-99.8278,40.1306,658.4,76,201,750,132,1680,1112,1310,433,236,170,352,287
"BRIDGEPORT, NE",-103.1042,41.6675,1117.4,69,21,886,767,1039,547,749,1208,277,96,320,86
"BROKEN BOW 2 W, NE",-99.675,41.4083,762,36,111,888,475,1887,996,1462,1763,192,198,136,233
"CRETE, NE",-96.9469,40.6194,437.4,269,341,628,194,2240,1748,1133,1643,1111,835,173,767
"CURTIS 3NNE, NE",-100.4936,40.6742,829.4,10,124,543,251,1364,979,1399,1383,640,246,165,183
"DAVID CITY, NE",-97.1328,41.2492,490.7,54,386,1046,365,1277,,806,1601,,,,
"FAIRBURY 5S, NE",-97.1669,40.0739,411.5,287,434,844,399,2125,1761,,,1235,552,81,575
"GENEVA, NE",-97.5964,40.5314,496.8,87,198,675,142,1857,1366,1282,2261,575,622,302,525
"GENOA 2 W, NE",-97.7644,41.4514,484.6,28,239,836,483,1763,915,534,1146,203,307,398,375
"GOTHENBURG, NE",-100.1522,40.94,787.9,39,169,805,526,1806,1263,1622,1773,188,330,208,288
"HARRISON, NE",-103.8842,42.6858,1478.3,140,61,674,533,993,1076,338,482,510,224,187,177
"HASTINGS 4N, NE",-98.3833,40.6475,591.3,15,175,735,244,2060,1073,1156,1980,426,348,350,445
"HEBRON, NE",-97.5903,40.175,451.1,302,365,857,160,1727,1531,1371,1549,1206,1183,127,494
"HOLDREGE, NE",-99.3803,40.4517,707.1,41,277,1161,490,1937,1494,2096,861,257,213,371,193
"IMPERIAL, NE",-101.655,40.5208,999.7,10,54,363,169,,,1012,786,300,125,153,15
"LOUP CITY, NE",-98.9681,41.2808,627.3,20,186,1158,419,1719,1005,1421,1924,158,393,299,355
"MC COOK, NE",-100.6203,40.2156,796.1,38,168,580,240,1159,733,968,61,,43,,13
"MINDEN, NE",-98.9514,40.5156,658.4,21,211,950,227,2043,1298,2140,725,238,276,272,368
"OAKDALE, NE",-97.9675,42.0678,521.2,59,254,946,626,1574,726,809,1599,340,579,300,298
"PURDUM, NE",-100.2472,42.065,819.9,304,280,601,470,2323,1601,1397,,,,,369
"RED CLOUD, NE",-98.5197,40.0978,524.3,114,147,575,79,1540,1361,1759,1834,786,739,326,480
"SAINT PAUL 4N, NE",-98.4697,41.2686,541,30,254,1384,802,1610,1078,1228,3515,259,390,461,514
"STAPLETON 5W, NE",-100.5986,41.4581,911.4,39,180,1087,741,1817,855,1598,1253,434,104,385,430
"SYRACUSE, NE",-96.1886,40.6825,335.3,285,426,860,255,2478,876,861,918,1776,720,131,231
"TECUMSEH 1S, NE",-96.1939,40.3544,338.3,340,393,1043,129,2772,1277,568,1715,1323,931,77,280
"WAKEFIELD, NE",-96.8617,42.2667,423.7,21,63,586,1030,1641,657,1327,486,934,629,366,469
"AUSTIN #2, NV",-117.0675,39.4931,2066.5,220,755,839,448,771,170,0,25,221,0,207,341
"BATTLE MOUNTAIN 4SE, NV",-116.8917,40.6117,1373.1,122,495,333,208,877,58,33,96,312,8,97,290
"ELKO RGNL AP, NV",-115.7886,40.8289,1533.1,292,641,484,193,903,3,3,51,608,33,57,491
"FALLON EXP STN, NV",-118.7811,39.4572,1208.5,110,324,384,120,293,,3,,0,0,,174
"MCGILL, NV",-114.7733,39.4136,1911.1,155,297,1050,473,426,10,104,0,241,0,0,
"MINA, NV",-118.1056,38.3844,1391.7,73,325,299,8,586,102,0,13,23,0,59,147
"RENO AP, NV",-119.7711,39.4839,1344.2,743,975,285,61,101,0,64,0,75,0,102,430
"SEARCHLIGHT, NV",-114.9217,35.4661,1079,491,528,142,112,123,0,0,168,64,0,980,442
"WINNEMUCCA AP, NV",-117.8081,40.9017,1309.4,253,427,341,236,527,23,13,64,262,28,101,310
"DURHAM, NH",-70.95,43.15,24.4,1124,733,466,1287,715,1118,1199,1679,236,1507,721,1385
"FIRST CONNECTICUT LAKE, NH",-71.2872,45.0875,506,1207,740,521,1446,1507,1130,1166,924,1182,1315,1138,674
"HANOVER, NH",-72.2847,43.7031,183.8,1207,508,413,,,,603,195,322,1147,518,
"KEENE, NH",-72.3244,42.9389,158.5,1229,702,349,,747,1306,857,1231,511,1366,875,1394
"ATLANTIC CITY, NJ",-74.4242,39.3792,3,798,665,1065,917,872,610,803,798,335,1092,419,1229
"BELVIDERE BRG, NJ",-75.0836,40.8292,80.2,1198,567,1138,1238,3017,938,1454,1970,328,1951,813,1277
"BOONTON 1 SE, NJ",-74.4,40.9,85.3,1408,819,928,1298,2392,1620,1820,1188,252,1961,873,1583
"CHARLOTTEBURG RSVR, NJ",-74.4233,41.0347,231.6,1201,,,,,1890,1881,,214,2113,686,1479
"FLEMINGTON 5 NNW, NJ",-74.8831,40.5631,79.2,1433,815,1080,1260,2206,1255,1415,940,110,1751,779,1330
"HIGHTSTOWN 2 W, NJ",-74.5642,40.265,30.5,1301,845,1037,1081,1761,1639,1324,672,241,1352,464,1662
"INDIAN MILLS 2 W, NJ",-74.7883,39.8144,30.5,1217,859,1037,868,1651,1922,1508,1262,776,1442,610,1917
"LONG BRANCH OAKHURST, NJ",-74.0047,40.2797,9.1,1363,886,969,1084,1682,1404,1285,1263,400,1021,465,2011
"NEW BRUNSWICK 3 SE, NJ",-74.4364,40.4719,26.2,1296,881,1112,1005,1817,1384,1602,1164,386,1315,541,1610
"AZTEC RUINS NM, NM",-108.0006,36.835,1720.3,,300,592,153,395,53,65,36,256,26,240,218
"CARLSBAD, NM",-104.2225,32.3478,951,15,0,219,302,61,486,861,265,687,518,273,21
"CHAMA, NM",-106.5781,36.9178,2392.7,1030,1125,745,419,1061,282,456,833,285,0,495,603
"CIMARRON 4 SW, NM",-104.9456,36.4661,1993.4,222,102,613,696,610,630,1161,638,71,274,127,0
"CLAYTON MUNI ARPK AP, NM",-103.1539,36.4486,1511.8,101,94,592,195,469,387,399,833,91,77,81,108
"DULCE, NM",-107,36.9358,2070.5,,961,1045,366,336,64,576,325,385,48,489,528
"ELEPHANT BUTTE DAM, NM",-107.1844,33.1461,1394.8,51,0,81,15,66,181,344,92,244,152,855,45
"JEMEZ SPRINGS, NM",-106.6872,35.7783,1908.7,279,193,591,200,180,0,328,64,97,368,589,193
"JORNADA EXP RANGE, NM",-106.7411,32.6169,1300.3,30,0,193,51,20,399,183,420,170,681,538,86
"LOS LUNAS 3 SSW, NM",-106.7611,34.7675,1475.2,142,104,85,371,101,134,289,112,134,163,600,85
"MTN PARK, NM",-105.8242,32.9547,2066.5,,97,280,305,161,300,536,896,871,483,686,229
"MOUNTAINAIR, NM",-106.2606,34.5208,1987.3,,63,99,427,201,142,472,523,64,51,201,76
"ROSWELL IND AP, NM",-104.5083,33.3075,1112.2,9,0,108,142,28,291,185,190,322,1227,351,28
"SAN JON, NM",-103.3283,35.1086,1289.3,274,0,191,389,528,434,546,,404,1364,137,241
"STATE UNIV, NM",-106.7597,32.2822,1182.9,46,0,45,102,61,645,152,404,141,35,429,145
"TUCUMCARI 4 NE, NM",-103.6867,35.2006,1245.4,36,8,59,238,474,313,515,340,430,354,249,155
"TULAROSA, NM",-106.0417,33.0719,1350.3,46,45,145,157,43,429,129,163,128,234,245,
"ADDISON, NY",-77.2344,42.1014,304.5,667,421,559,1248,1035,,,,,1140,756,355
"ALBANY INTL AP, NY",-73.8092,42.7431,83.8,1091,682,354,1099,783,1310,1014,1048,567,1902,715,1154
"ALFRED, NY",-77.785,42.2614,539.5,782,530,383,1031,1131,1551,1268,726,631,904,681,833
"ALLEGANY SP, NY",-78.75,42.1003,457.2,1247,585,423,1279,1219,2213,1419,1056,600,1218,911,842
"ANGELICA, NY",-77.9889,42.3017,440.4,879,557,357,967,1237,1688,1502,585,811,1006,638,840
"AUBURN, NY",-76.5447,42.9328,234.7,1274,738,442,867,1212,1296,1601,1527,783,1256,757,1086
"BATAVIA, NY",-78.1692,43.0303,278.3,767,556,418,728,871,1075,370,1073,1171,1233,815,1130
"BINGHAMTON GREATER AP, NY",-75.98,42.2067,486.2,972,614,399,937,1331,1359,840,866,475,1994,421,974
"BRIDGEHAMPTON, NY",-72.3067,40.9464,18.3,1810,867,912,1760,1447,1183,991,766,249,1729,813,1872
"BROCKPORT, NY",-77.9333,43.2,163.1,674,663,392,759,1074,814,716,707,807,1254,1047,1000
"BUFFALO NIAGARA INTL, NY",-78.7358,42.9408,214.9,1451,835,693,781,898,1166,465,920,1596,1479,501,1366
"COOPERSTOWN, NY",-74.9267,42.7167,383.1,1180,744,695,1281,1174,877,893,1175,669,2589,804,1131
"DANNEMORA, NY",-73.7206,44.7192,408.4,1152,678,467,1064,1617,,518,978,1074,1908,807,289
"DANSVILLE, NY",-77.7175,42.5656,201.2,384,411,202,511,1018,1178,596,1149,457,1135,440,529
"ELMIRA, NY",-76.8358,42.0997,288.6,760,438,370,676,1037,1080,1493,1292,564,1268,584,818
"GENEVA RSCH FARM, NY",-77.0308,42.8767,218.8,573,493,184,562,1395,1132,730,1480,683,1203,476,750
"HEMLOCK, NY",-77.6083,42.7747,274.9,558,516,324,658,1063,1528,908,1648,642,883,620,1114
"INDIAN LAKE 2SW, NY",-74.2692,43.755,506,1315,768,422,1528,1748,1417,681,1077,819,2056,1623,1004
"ITHACA CORNELL UNIV, NY",-76.4489,42.4489,292.6,819,328,368,953,1234,1391,946,1224,451,1358,644,835
"LAKE PLACID 2 S, NY",-73.9847,44.2444,591.3,1371,691,,1129,1940,1315,748,1460,1154,1823,1482,823
"LOCKPORT 3 S, NY",-78.6814,43.1392,184.4,1044,583,549,722,1163,778,1243,1314,1166,1335,562,1070
"LOWVILLE, NY",-75.4817,43.7975,262.1,1024,796,448,748,1604,1432,815,386,813,1605,1026,692
"MALONE, NY",-74.3081,44.8419,268.2,1011,598,543,993,1042,684,635,662,1011,1474,1257,605
"MARYLAND 9 SW, NY",-75.0106,42.4694,373.4,1466,720,574,1146,1266,1432,742,1155,405,1672,1058,955
"MOHONK LAKE, NY",-74.155,41.7681,379.5,1656,677,466,1178,1654,859,746,1410,395,1895,650,1509
"MORRISVILLE 6 SW, NY",-75.7264,42.8417,396.2,1383,817,,856,1519,1565,1527,1055,841,1864,1447,1421
"NY CITY CNTRL PARK, NY",-73.9692,40.7789,39.6,910,798,984,1159,1732,1385,1467,940,241,1564,496,1802
"NORWICH, NY",-75.5197,42.5117,301.4,1373,699,450,1053,1377,1404,704,1107,379,1943,934,1063
"OSWEGO EAST, NY",-76.4933,43.4622,106.7,932,919,415,855,1348,1692,929,1030,1012,1271,506,1081
"PORT JERVIS, NY",-74.6847,41.38,143.3,1242,686,561,1228,1439,1009,1804,283,188,1464,942,1003
"POUGHKEEPSIE, NY",-73.91,41.5997,51.8,1345,996,569,1202,1555,769,584,991,341,1644,1118,
"ROCHESTER INTL AP, NY",-77.6767,43.1167,162.5,652,741,439,696,662,1000,670,443,764,1229,466,991
"SARATOGA SPRINGS 4 SW, NY",-73.8167,43.0331,94.5,1478,915,280,1605,,999,1550,1239,433,1842,965,1101
"SYRACUSE WSO AP, NY",-76.1033,43.1092,125,828,725,410,879,1651,1116,864,1322,887,1747,313,1050
"TROY L&D, NY",-73.6831,42.75,7.3,1038,765,319,1051,989,1227,1025,1467,437,1890,1012,1370
"TUPPER LAKE SUNMOUNT, NY",-74.4383,44.2308,512.1,1245,765,625,438,1558,1236,698,735,1086,1633,1148,558
"WALES, NY",-78.51,42.7411,332.2,1364,675,653,815,824,1141,598,915,1049,1180,1413,1357
"WATERTOWN, NY",-75.8753,43.9761,151.5,1499,874,640,1006,1578,1682,594,783,795,1841,1175,1027
"WEST POINT, NY",-73.9608,41.3906,97.5,1621,811,793,1407,1473,1143,886,729,168,2122,,
"ALBEMARLE, NC",-80.1994,35.3992,185.9,1169,755,665,1676,605,1148,1162,1445,0,1420,718,1856
"CAPE HATTERAS AP, NC",-75.6219,35.2325,3.4,849,1695,627,2188,1535,634,616,1787,1014,1592,1426,1599
"CHAPEL HILL 2 W, NC",-79.0794,35.9086,152.4,1027,1427,1067,1458,506,1410,1003,996,130,1083,888,824
"EDENTON, NC",-76.5517,36.0164,3,848,1130,626,1301,424,903,1324,2156,1458,608,805,355
"ELIZABETH CITY, NC",-76.205,36.3097,2.4,956,1359,919,1318,157,1414,2144,1898,1880,826,857,533
"FAYETTEVILLE PWC, NC",-78.8583,35.0583,29.3,735,689,684,1237,374,854,1900,1028,928,880,847,1559
"HENDERSON 2 NNW, NC",-78.4119,36.3481,146.3,1063,1602,1016,1467,317,1772,950,695,64,1102,1222,729
"HENDERSONVILLE 1 NE, NC",-82.4492,35.3297,658.4,1532,2241,902,2237,818,2009,1115,2013,182,2620,533,1680
"HIGHLANDS, NC",-83.1892,35.0536,1170.4,2375,3820,1948,2571,1687,3338,3041,1879,398,3658,1260,2170
"LENOIR, NC",-81.5378,35.915,365.8,1168,1353,488,1176,812,3151,1043,1201,67,1496,711,1473
"LOUISBURG, NC",-78.3039,36.1028,79.2,863,1293,1070,1430,385,2434,1311,1019,391,956,812,948
"LUMBERTON, NC",-79.025,34.6269,34.1,485,345,648,1085,291,784,940,2120,1143,687,556,1334
"MARION 2 NW, NC",-82.0292,35.6631,446.8,1490,2124,677,1671,992,3031,1583,1203,123,2285,619,1577
"MARSHALL, NC",-82.6658,35.8036,609.6,826,1009,787,1481,917,1469,1068,908,193,1119,833,1405
"MONROE 2 SE, NC",-80.5233,34.9797,167.6,959,870,1000,,735,398,138,1344,168,846,781,976
"MOREHEAD CITY 2 WNW, NC",-76.7358,34.7336,3,746,1611,743,1000,360,1285,1178,2574,1824,1537,1121,869
"MORGANTON, NC",-81.6717,35.7308,353.6,1434,1612,564,1676,745,2396,1087,861,867,1747,864,1519
"MT AIRY 2 W, NC",-80.6508,36.4992,317.3,1346,1784,478,1245,872,1843,1235,977,201,1629,588,1483
"REIDSVILLE 2 NW, NC",-79.6947,36.3825,271.3,1099,1667,1008,900,329,2437,830,870,181,1521,726,1048
"SALISBURY, NC",-80.4822,35.6836,213.4,240,,621,729,123,1426,423,333,0,977,779,804
"SMITHFIELD, NC",-78.3458,35.5164,45.7,712,1073,826,1403,661,1743,3121,1590,1551,1294,776,1388
"STATESVILLE 2 NNE, NC",-80.8808,35.81,289.6,1085,1593,650,1204,824,1957,1446,1189,8,1584,681,1299
"TARBORO 1 S, NC",-77.5386,35.8847,10.7,607,1180,634,1127,,1236,632,1376,1929,944,891,807
"TRANSOU, NC",-81.3039,36.3919,876.3,1207,1691,350,1703,1131,2760,1171,1253,392,2634,854,1534
"WAYNESVILLE 1 E, NC",-82.9683,35.4867,810.2,1128,2267,947,1627,1212,1490,975,942,319,1472,1121,1530
"WILSON 3 SW, NC",-77.9456,35.6939,33.5,871,1016,915,1682,705,1136,942,1273,1295,1291,799,1073
"BOTTINEAU, ND",-100.4447,48.8214,496.2,124,315,8,293,188,1171,521,641,1113,1169,245,92
"CASSELTON AGRONOMY FM, ND",-97.2328,46.8769,285,75,430,340,310,836,861,1316,739,1429,968,29,270
"CROSBY, ND",-103.2944,48.9075,595,112,174,0,282,62,669,631,787,1686,105,362,59
"DICKINSON EXP STN, ND",-102.8111,46.8911,749.8,180,280,95,406,990,360,486,758,1724,495,213,299
"DUNN CENTER 1E, ND",-102.5869,47.3467,671.8,120,140,18,292,902,509,421,1215,2705,304,67,
"FULLERTON 1 ESE, ND",-98.4,46.1581,437.4,123,226,613,512,1174,1331,1032,754,1092,934,356,497
"GRAND FORKS UNIV NWS, ND",-97.0981,47.9217,253,93,356,308,495,428,746,1011,997,2305,1110,328,445
"JAMESTOWN STATE HOSP, ND",-98.685,46.8844,447.1,88,217,151,257,598,602,1332,760,1223,956,74,574
"LISBON, ND",-97.6822,46.4522,336.5,151,461,300,371,840,1005,960,768,1233,887,50,388
"MANDAN EXP STN, ND",-100.9097,46.8128,533.4,,176,181,139,829,513,737,665,1475,607,37,81
"NAPOLEON, ND",-99.7692,46.5067,603.5,186,,336,397,765,671,1283,695,958,1250,176,443
"NEW ENGLAND, ND",-102.8692,46.5414,804.4,35,24,38,423,1114,462,743,1009,1408,607,186,21
"PEMBINA, ND",-97.2417,48.9711,240.8,154,332,186,190,472,650,690,357,2095,1078,107,91
"RICHARDTON ABBEY, ND",-102.3192,46.8886,752.9,38,96,82,295,937,,1130,574,1685,477,28,94
"TOWNER 2 NE, ND",-100.3908,48.3706,451.1,38,243,0,246,309,1044,485,298,1267,318,380,46
"WILLOW CITY, ND",-100.2911,48.6061,449,,367,0,116,247,963,619,605,1146,578,135,64
"BUCYRUS, OH",-82.9694,40.8128,291.1,1119,810,860,1251,1244,2087,1207,493,696,657,516,704
"CIRCLEVILLE, OH",-82.9547,39.6106,205.1,1113,1773,1012,1073,1820,2233,879,1041,334,797,813,871
"COSHOCTON WPC PLT, OH",-81.8711,40.2403,231.6,825,1390,1140,985,956,2446,1750,562,118,1141,524,908
"DEFIANCE, OH",-84.3853,41.2778,213.4,936,550,775,1026,1666,1304,1341,971,1268,606,278,555
"FINDLAY WPCC, OH",-83.6622,41.0461,234.1,585,786,843,1475,1015,1489,1024,1235,439,846,160,563
"GREENVILLE WTP, OH",-84.65,40.1,312.1,945,1248,999,1543,1956,1206,785,421,312,917,440,983
"HILLSBORO, OH",-83.6167,39.2,335.3,1281,1793,1350,1232,1337,1810,1091,1531,125,1039,892,1039
"HIRAM, OH",-81.15,41.3,374.9,1343,773,860,954,1111,2262,1121,908,1049,775,777,817
"KENTON, OH",-83.6061,40.6489,303.3,636,,,,788,1821,1652,565,825,458,497,293
"MILLERSBURG, OH",-81.9167,40.55,249.6,930,1071,1125,1006,1334,1571,1931,1424,496,656,797,860
"NORWALK WWTP, OH",-82.6167,41.2667,204.2,891,745,588,1016,890,1915,927,1081,344,614,556,422
"OBERLIN, OH",-82.2167,41.2667,248.7,1159,717,762,1064,787,1990,897,801,295,578,593,554
"PORTSMOUTH-SCIOTOVILLE, OH",-82.8872,38.7569,164.6,1124,1431,842,971,1281,1774,663,1532,196,1616,713,1765
"URBANA WWTP, OH",-83.7833,40.1,304.8,867,1593,1052,1172,1808,1895,1176,1028,650,714,452,855
"WARREN 3 S, OH",-80.8167,41.2,274.3,1149,835,903,913,605,1936,712,913,1291,741,587,861
"WAUSEON WTP, OH",-84.1453,41.5183,228.6,456,504,822,1047,1058,1361,1889,1255,816,576,407,557
"WAVERLY, OH",-82.9797,39.1114,170.7,1231,1969,825,1282,1117,1974,1119,1104,254,1359,733,1324
"WOOSTER EXP STN, OH",-81.9167,40.7833,310.9,909,948,855,938,1338,2048,2275,1410,566,789,,
"ANTLERS, OK",-95.615,34.2208,143.3,547,691,1115,1125,2872,1803,508,661,194,1902,1295,473
"ARDMORE, OK",-97.1294,34.1714,268.2,648,600,559,875,2161,1400,535,1586,1061,1293,609,226
"BARTLESVILLE MUNI AP, OK",-96.0261,36.7683,217.9,720,381,574,990,3915,1413,1397,1843,1193,791,570,237
"CLAREMORE 2 ENE, OK",-95.5808,36.3225,179.2,1226,521,985,649,5614,2486,162,2225,1056,1797,733,400
"DURANT, OK",-96.3686,34.0003,182.9,482,545,914,1585,1918,1513,773,724,1960,2045,977,381
"ENID, OK",-97.8747,36.4194,379.5,417,171,662,994,3605,1065,173,1533,1066,463,303,318
"ERICK, OK",-99.8628,35.2164,627.9,197,85,827,947,3045,876,430,716,864,102,212,183
"GEARY, OK",-98.3225,35.6267,487.7,259,239,628,1070,2614,,,836,665,346,972,381
"GOODWELL RSCH STN, OK",-101.6181,36.5914,1008.9,108,211,617,62,1102,889,414,579,360,207,114,351
"HOBART MUNI AP, OK",-99.0525,34.9894,474.3,31,92,427,2315,2282,448,24,636,839,173,379,175
"HOOKER, OK",-101.2172,36.8589,912.9,162,185,557,64,1210,709,239,386,120,402,91,295
"KINGFISHER, OK",-97.9294,35.8583,320,201,257,651,1183,4357,1588,202,1566,768,669,735,344
"LAWTON, OK",-98.4572,34.6097,350.5,299,33,688,811,3257,440,,520,523,461,266,203
"MANGUM, OK",-99.5017,34.8911,486.2,112,71,278,1436,1967,823,585,374,714,33,207,105
"MUTUAL, OK",-99.17,36.2283,576.1,196,120,589,381,2627,705,140,900,286,1215,215,354
"NEWKIRK 1NW, OK",-97.0586,36.8914,347.5,477,203,633,1320,4370,1138,571,2979,929,681,209,407
"PERRY, OK",-97.2897,36.2886,312.4,589,277,651,774,4710,866,712,1365,1278,569,723,303
"STILLWATER 2 W, OK",-97.095,36.1175,272.8,657,519,544,874,4814,1044,180,2132,1649,1016,642,76
"WEATHERFORD, OK",-98.6986,35.52,493.2,239,122,518,1176,3542,987,767,1200,927,307,417,315
"ASHLAND, OR",-122.7144,42.2128,532.2,534,961,265,812,292,0,0,145,394,218,125,556
"ASTORIA AP PORT OF, OR",-123.8825,46.1569,2.7,1254,1946,625,1347,422,275,413,243,1561,1768,559,2679
"BAKER CITY AP, OR",-117.8086,44.8428,1024.4,137,488,298,214,230,180,0,53,215,28,54,31
"BEND, OR",-121.285,44.0569,1115.6,82,393,171,577,247,113,89,293,,17,126,258
"CORVALLIS STATE UNIV, OR",-123.19,44.6342,68.6,950,1581,507,1651,486,193,175,30,821,643,305,1204
"COTTAGE GROVE 1 NNE, OR",-123.0275,43.7917,181.4,1085,2601,624,2266,451,89,33,161,1523,433,339,1112
"CRATER LAKE NPS HQ, OR",-122.1328,42.8967,1973.6,2123,3788,1413,2716,1306,79,3,331,1406,772,610,2183
"GRANTS PASS, OR",-123.3236,42.4244,283.5,2083,2032,451,1328,236,3,0,351,532,,307,1168
"HEADWORKS PORTLAND WTR, OR",-122.1547,45.4486,228,1617,2559,838,2389,758,641,229,319,1707,1232,737,1747
"HEPPNER, OR",-119.5639,45.3653,574.5,278,814,332,522,486,174,36,135,184,174,68,109
"HOOD RIVER EXP STN, OR",-121.5175,45.6847,152.4,725,937,246,787,218,39,,242,428,457,195,523
"MILTON FREEWATER, OR",-118.4089,45.9428,295.7,643,883,297,709,534,85,5,181,549,243,188,319
"MORO, OR",-120.7236,45.4825,570,326,522,100,475,147,30,20,194,123,168,86,292
"NORTH BEND FCWOS, OR",-124.2436,43.4133,1.8,1955,4255,851,2320,901,106,275,93,824,620,551,2328
"PILOT ROCK 1 SE, OR",-118.8253,45.4756,524.3,283,1086,375,770,490,85,25,205,429,128,79,184
"PRINEVILLE, OR",-120.8081,44.3022,888.5,280,767,200,278,611,235,34,495,353,90,97,212
"PROSPECT 2 SW, OR",-122.5164,42.7342,756.5,1517,2163,763,2562,,11,0,509,1470,,,
"RIDDLE, OR",-123.3572,42.9506,207.3,1155,1868,448,1298,300,72,16,309,834,226,443,1071
"THREE LYNX, OR",-122.07,45.1219,341.4,1320,2133,592,2512,915,406,102,97,1229,1118,571,1233
"TILLAMOOK 1 W, OR",-123.8728,45.4567,3,1824,1456,936,1292,836,171,220,643,619,,589,5207
"UNION EXP STN, OR",-117.8758,45.2081,842.8,,774,381,771,818,136,31,87,479,140,153,260
"WALLOWA, OR",-117.5314,45.5722,890.9,536,1029,171,785,972,116,76,119,240,461,152,313
"ALLENTOWN AP, PA",-75.4492,40.6508,118.9,1195,742,989,1419,2311,1464,2426,1217,342,2023,420,868
"CHAMBERSBURG 1 ESE, PA",-77.6394,39.9353,195.1,,,,1348,1619,787,1009,508,179,1641,322,910
"ERIE WSO AP, PA",-80.1825,42.08,222.5,1106,637,889,825,541,991,643,970,841,981,575,1274
"FRANKLIN, PA",-79.8303,41.4003,309.4,967,1069,849,1283,1608,2558,2016,1221,796,1333,833,774
"LEBANON 2 W, PA",-76.4667,40.3333,137.2,892,815,1160,836,1945,1571,1462,920,612,2007,577,913
"NEW CASTLE 1 N, PA",-80.3619,41.0172,251.5,1044,760,893,1224,1685,2228,1669,477,428,1059,,923
"PLEASANT MT 1 W, PA",-75.4464,41.7394,548.6,1628,723,279,,2029,1770,,,,,820,929
"RIDGWAY, PA",-78.7497,41.42,414.5,1102,985,492,1410,1593,2430,1397,856,695,1268,963,1014
"SELINSGROVE 2 S, PA",-76.8611,40.7831,128,1053,683,801,1122,1745,1019,1233,624,328,1180,682,670
"STATE COLLEGE, PA",-77.8672,40.7933,356.6,1186,993,594,903,1582,919,637,671,475,1143,670,775
"STROUDSBURG, PA",-75.1906,41.0125,140.2,1506,841,963,1909,2499,1384,2456,622,338,2392,543,1087
"TOWANDA 1 S, PA",-76.4431,41.7511,231.6,1000,400,515,1024,1531,1121,1222,911,383,1150,651,702
"WARREN, PA",-79.15,41.85,368.8,1223,785,723,1105,1192,1942,1495,812,650,1372,931,873
"WELLSBORO 4 SW, PA",-77.3894,41.7003,554.1,1193,620,467,1123,1781,1449,1202,1059,554,1292,525,885
"WILLIAMSPORT RGNL AP, PA",-76.9217,41.2433,158.5,1037,815,541,1031,1560,1697,1661,772,386,1696,458,711
"KINGSTON, RI",-71.5414,41.4906,34.7,1836,980,1064,1960,1175,1623,1391,824,369,2402,849,2188
"PROVIDENCE WSO AP, RI",-71.4325,41.7219,15.5,1647,1002,860,1729,812,1197,882,590,296,1436,696,2060
"ANDERSON, SC",-82.6606,34.5283,243.8,1471,896,765,795,512,611,292,404,127,1191,1208,886
"CALHOUN FALLS, SC",-82.5883,34.0906,161.5,812,634,649,575,262,1337,686,1675,51,932,582,2009
"CHARLESTON CITY, SC",-79.9319,32.78,3,350,129,132,615,72,1867,1038,984,1544,995,413,2225
"CHERAW, SC",-79.8833,34.7319,42.7,953,607,1070,1119,259,727,884,1173,1036,1081,979,2355
"CLEMSON UNIV, SC",-82.8236,34.6603,251.2,1398,1918,880,1156,193,1720,463,1057,31,1560,835,1556
"COLUMBIA UNIV OF SC, SC",-81.0167,33.9831,73.8,837,306,818,838,559,2000,846,794,416,833,814,2270
"DARLINGTON, SC",-79.8767,34.3011,45.7,730,502,435,870,946,1008,2661,392,641,549,1038,1242
"GRNVL SPART INTL AP, SC",-82.2239,34.8847,287.4,1406,1706,729,1055,451,1212,948,1716,46,1266,873,1782
"LAURENS, SC",-82.0219,34.4989,179.5,1229,1139,693,1116,522,894,580,1036,20,973,1004,1288
"LITTLE MTN, SC",-81.415,34.1942,216.7,937,513,973,731,900,1709,649,1703,607,1068,808,2101
"NEWBERRY, SC",-81.6236,34.2978,145.1,1065,484,939,658,554,958,1109,3185,292,1032,1078,1688
"ORANGEBURG 2, SC",-80.8733,33.4886,54.9,1108,442,631,946,285,1500,1080,648,572,1096,810,2049
"SALUDA, SC",-81.7747,33.9978,146.3,1030,483,844,768,745,1105,907,2196,193,1020,758,2265
"SANTUCK, SC",-81.5206,34.635,158.5,1399,1188,779,1049,351,1096,590,1510,132,1465,955,1703
"SUMMERVILLE 4W, SC",-80.2325,33.0367,19.8,515,168,278,836,264,1541,3155,1889,1351,,1766,1509
"SUMTER, SC",-80.3569,33.9364,53.9,974,457,1007,1020,625,1500,1605,1373,513,1111,1161,1978
"WALHALLA, SC",-83.0842,34.7483,298.7,1736,2380,946,2230,628,939,1149,538,508,884,841,2047
"WINNSBORO, SC",-81.0928,34.3739,170.7,933,492,729,584,664,1192,1563,1110,383,962,692,1905
"WINTHROP UNIV, SC",-81.0317,34.9381,210.3,1074,1151,809,1664,709,672,781,434,5,1169,466,1056
"YEMASSEE, SC",-80.8417,32.68,7.6,868,344,432,1055,442,3587,995,1681,920,1219,1143,1627
"ABERDEEN RGNL AP, SD",-98.4131,45.4433,395.3,255,316,338,362,1055,1194,1081,592,1205,676,423,222
"ACADEMY 2NE, SD",-99.0631,43.4892,512.1,64,186,450,494,1509,428,2422,2013,1743,452,178,281
"ALEXANDRIA, SD",-97.7853,43.6567,412.4,71,197,673,753,1154,692,1574,1898,2180,539,239,280
"CANTON, SD",-96.5917,43.3056,410,115,378,723,1791,2249,1223,1503,633,1362,824,109,377
"COTTONWOOD 2 E, SD",-101.8606,43.9611,735.8,52,,24,906,,432,1420,430,376,269,125,237
"DUPREE, SD",-101.5992,45.0481,723.9,117,317,152,1017,1681,935,1396,363,518,492,267,218
"EUREKA, SD",-99.6353,45.7644,566.9,129,422,635,306,802,785,963,540,1015,582,143,357
"FAULKTON 1 NW, SD",-99.1342,45.0364,478.5,120,200,262,499,1098,674,1508,1212,1133,383,247,153
"FORESTBURG 3 NE, SD",-98.07,44.0422,374.9,196,158,753,339,1431,877,1949,1958,1058,711,123,183
"HIGHMORE 1 W, SD",-99.455,44.5222,576.1,106,213,162,986,2022,598,859,1582,1652,568,117,166
"HOT SPRINGS, SD",-103.4739,43.4378,1085.1,86,175,289,478,1289,386,788,576,532,282,207,163
"HOWARD, SD",-97.5242,44.0122,474.9,172,213,803,1153,1380,793,2145,845,2397,600,163,402
"KENNEBEC, SD",-99.8628,43.9072,518.2,99,260,367,734,2425,214,1936,1287,779,392,402,192
"MENNO, SD",-97.5714,43.2358,403.6,18,204,790,1412,1626,623,940,1213,1130,586,148,570
"MURDO, SD",-100.7078,43.8894,707.1,172,280,353,567,2798,396,1219,560,845,492,391,172
"OAHE DAM, SD",-100.4175,44.4419,506,245,80,361,536,,,1579,1018,588,312,63,211
"PIERRE RGNL AP, SD",-100.2856,44.3814,531,138,374,454,832,1722,572,1098,949,832,368,273,258
"RAPID CITY 4NW, SD",-103.2828,44.115,1051.6,64,176,283,935,1953,636,1806,676,725,401,138,35
"VERMILLION 2 SE, SD",-96.9194,42.7625,362.7,16,219,895,945,1716,930,791,679,816,1032,359,261
"WATERTOWN RGNL AP, SD",-97.1494,44.9047,532.8,238,256,675,1014,1014,518,1748,960,1056,593,153,407
"WOOD, SD",-100.4794,43.4978,664.5,97,178,490,725,2083,229,1449,759,868,397,365,328
"CLARKSVILLE WWTP, TN",-87.3567,36.5467,116.4,838,3153,583,1300,731,1501,1643,1154,53,2058,1657,1027
"CROSSVILLE ED & RESEARCH, TN",-85.1311,36.0147,551.7,1927,3365,1298,1560,1507,1749,1843,873,159,1774,1242,2181
"DICKSON, TN",-87.3936,36.0747,237.7,1707,4348,831,1546,,1679,386,1310,20,2982,1520,549
"DOVER 1 W, TN",-87.8628,36.4819,144.8,,2943,596,1766,1016,,,1390,55,1909,1500,1219
"JACKSON EXP STN, TN",-88.8456,35.6214,121.9,1398,2924,866,1917,917,1144,2887,1322,365,3148,1213,1379
"LEWISBURG EXP STN, TN",-86.8086,35.4139,239.9,1290,3289,1119,1477,1145,1456,2518,1412,84,1716,752,1698
"MC MINNVILLE, TN",-85.7811,35.6717,286.5,1484,3727,1334,1318,1090,1142,2226,838,376,1544,1196,1684
"MURFREESBORO 5 N, TN",-86.3728,35.9203,163.1,1616,2992,888,1537,629,2725,1336,899,44,1561,784,2163
"NEWPORT 1 NW, TN",-83.2008,35.9833,315.8,957,2286,1101,1522,1168,1797,1572,640,36,1106,1275,1172
"ROGERSVILLE 1 NE, TN",-82.9839,36.4161,413,1174,2528,370,1410,1224,1677,1701,1117,145,1059,1012,1434
"TULLAHOMA, TN",-86.2089,35.3453,311.5,1511,3693,1608,1469,725,1781,1455,483,26,1571,1257,1516
"UNION CITY, TN",-89.0317,36.3925,106.7,1281,3532,1348,1524,1312,743,2337,667,106,2387,1688,706
"WAYNESBORO, TN",-87.7592,35.3042,228.6,1748,2884,971,1746,1084,1743,2998,1961,190,2662,800,2001
"ALBANY, TX",-99.3017,32.7294,426.7,297,145,280,1199,1894,1247,470,376,287,174,922,252
"ALPINE, TX",-103.66,30.3764,1356.4,51,66,102,432,,447,326,369,1034,90,227,294
"BALLINGER 2 NW, TX",-99.9764,31.7414,534.9,90,28,249,1114,1538,829,41,44,142,117,407,231
"BALMORHEA, TX",-103.7403,30.9844,981.5,0,0,305,107,292,714,291,213,,102,,229
"BEEVILLE 5 NE, TX",-97.7061,28.4575,77.7,449,85,329,890,532,536,602,0,210,416,157,228
"BLANCO, TX",-98.4286,30.1058,419.1,718,476,648,1912,2258,1318,356,315,131,711,1214,370
"BOERNE, TX",-98.7347,29.7978,440.1,469,190,178,1172,1213,1718,129,155,129,899,342,144
"BOYS RANCH, TX",-102.2564,35.5303,972.6,3,130,238,410,954,1037,806,905,534,1597,222,147
"BRENHAM, TX",-96.3972,30.1592,95.4,1220,892,364,1305,1629,1543,81,552,630,1520,683,196
"BROWNWOOD 2ENE, TX",-98.9456,31.7383,426.7,79,44,336,2106,1568,776,130,150,15,,,
"CORPUS CHRISTI AP, TX",-97.5122,27.7742,13.4,440,175,262,774,472,662,146,51,1064,353,1085,1021
"CORSICANA, TX",-96.4747,32.1078,125.9,916,535,499,1421,1568,2039,53,137,460,1702,225,201
"CROSBYTON, TX",-101.245,33.6517,917.4,0,13,478,828,899,594,87,210,1395,33,374,204
"DANEVANG 1 W, TX",-96.2319,29.0567,21.3,614,732,219,502,1290,3062,397,1132,1062,1226,608,171
"EL PASO AP, TX",-106.3758,31.8111,1194.2,25,31,64,20,40,247,47,226,393,340,441,184
"ENCINAL, TX",-99.3508,28.0239,176.8,149,72,180,455,678,1321,0,533,381,1072,211,97
"FLATONIA, TX",-97.1111,29.6778,158.5,618,205,34,1143,1567,1589,562,56,981,471,207,137
"FT STOCKTON, TX",-102.9153,30.9072,926,,11,92,364,551,612,465,1190,943,57,286,414
"GAINESVILLE 5 ENE, TX",-97.0592,33.6461,265.2,441,687,546,1151,2442,847,401,1653,1476,1350,1217,318
"GREENVILLE KGVL RADIO, TX",-96.0983,33.1678,166.1,633,850,732,1811,2101,2060,307,966,140,,,678
"HALLETTSVILLE 2 N, TX",-96.9397,29.4706,83.8,715,447,38,733,894,1641,127,419,260,1125,813,188
"HASKELL, TX",-99.7456,33.1578,487.7,168,68,702,1488,1274,965,348,31,725,32,786,100
"LIBERTY, TX",-94.795,30.0592,10.7,1957,1195,240,1167,3178,2376,564,127,7313,1868,343,240
"LLANO, TX",-98.6542,30.7425,310.9,363,38,209,729,749,1382,3,48,13,538,232,
"LULING, TX",-97.6564,29.6753,121.9,728,146,64,1270,1260,1731,285,226,76,551,321,104
"MARSHALL, TX",-94.3508,32.5403,107.3,1084,803,726,3174,2060,1976,559,641,451,2341,168,523
"MCCAMEY, TX",-102.2217,31.1333,757.7,73,71,193,808,1081,128,231,43,338,36,247,442
"MULESHOE #1, TX",-102.7328,34.2192,1167.4,24,71,379,247,729,693,681,716,962,1414,248,208
"PARIS, TX",-95.5586,33.6744,165.2,605,960,691,1903,2599,2907,395,871,1464,1376,1189,239
"PLAINVIEW, TX",-101.7022,34.1892,1027.2,0,8,348,329,1245,721,607,147,460,275,173,274
"RIO GRANDE CITY, TX",-98.8117,26.3769,52.4,248,59,331,384,631,618,289,1067,1077,131,355,65
"SAN ANTONIO INTL AP, TX",-98.47,29.5333,246.6,415,122,119,882,840,1399,36,79,368,1022,188,132
"SEMINOLE, TX",-102.6597,32.7136,1016.8,25,0,0,1105,328,647,486,10,869,36,846,13
"SNYDER, TX",-100.9111,32.71,706.8,73,94,334,826,1746,1243,74,107,397,11,852,237
"STRATFORD, TX",-102.0753,36.3372,1125.6,97,203,190,104,522,788,524,,,,,
"WEATHERFORD, TX",-97.77,32.7483,291.1,248,250,123,1437,2756,943,326,441,0,724,788,
"ALTON, UT",-112.4819,37.4403,2145.8,738,1269,683,261,958,279,199,97,44,0,1063,900
"BLANDING, UT",-109.4847,37.6131,1854.7,607,817,657,162,476,48,211,81,8,13,,347
"BLUFF, UT",-109.5578,37.2828,1318,265,417,379,15,453,0,23,5,51,56,46,248
"DESERET, UT",-112.6519,39.2872,1399,179,191,452,421,475,84,24,10,109,25,264,237
"DUCHESNE, UT",-110.395,40.1678,1682.5,21,206,170,142,910,155,125,45,174,30,224,167
"ESCALANTE, UT",-111.5978,37.7686,1770.9,287,713,349,76,692,21,115,150,28,0,498,354
"FT DUCHESNE, UT",-109.8611,40.2842,1539.2,,,151,139,473,122,53,130,6,27,236,179
"HANKSVILLE, UT",-110.7153,38.3706,1313.1,70,296,500,28,270,84,19,20,25,0,338,57
"KANAB, UT",-112.5367,37.0286,1493.5,518,869,592,215,843,23,201,15,0,0,927,425
"LAKETOWN, UT",-111.3208,41.825,1822.7,264,427,,472,907,298,58,51,282,243,344,327
"LEVAN, UT",-111.8653,39.5608,1614.8,443,368,971,452,1047,21,239,34,185,41,130,184
"LOGAN UTAH ST UNIV, UT",-111.8033,41.7456,1460,555,556,881,956,817,57,122,49,1093,158,287,329
"MANTI, UT",-111.6306,39.2583,1749.6,132,328,735,499,623,210,106,9,150,74,309,255
"MARYSVALE, UT",-112.2292,38.45,1801.4,214,254,416,115,521,23,234,123,61,16,475,173
"MOAB, UT",-109.5458,38.5744,1242.7,165,457,636,244,282,76,23,23,46,0,427,262
"MORGAN POWER & LIGHT, UT",-111.6722,41.0428,1551.4,544,687,1031,661,702,115,50,64,588,240,236,559
"NEPHI, UT",-111.8319,39.7122,1563,450,405,943,881,761,76,153,103,176,73,553,379
"PANGUITCH, UT",-112.4419,37.8239,2020.8,198,598,457,142,744,259,234,147,224,10,491,236
"RICHFIELD RADIO KSVC, UT",-112.0775,38.7619,1615.4,46,80,286,58,236,71,264,127,20,3,247,74
"ST GEORGE, UT",-113.5611,37.1069,844.3,486,922,742,378,521,18,0,0,0,0,701,339
"SALINA 24 E, UT",-111.4161,38.9139,2304.3,155,509,579,423,858,267,522,130,26,9,490,258
"SCIPIO, UT",-112.1067,39.2453,1619.7,263,535,873,467,814,164,113,33,184,61,416,258
"SCOFIELD-SKYLINE MINE, UT",-111.2047,39.6847,2655.4,853,1381,1304,696,994,331,418,110,280,134,666,639
"SPANISH FORK PWR HOUSE, UT",-111.6044,40.0797,1438.7,679,640,1171,639,1095,198,201,160,323,215,406,605
"TOOELE, UT",-112.2975,40.5278,1546.6,462,557,783,943,828,190,98,63,297,117,512,279
"UTAH LAKE LEHI, UT",-111.8972,40.3597,1370.7,519,355,573,506,669,127,94,129,378,51,143,414
"VERNAL 2SW, UT",-109.5531,40.4269,1668.5,367,431,313,202,698,68,92,69,74,20,127,273
"WOODRUFF, UT",-111.1494,41.525,1924.8,147,168,242,299,583,170,99,102,320,75,290,48
"ZION NP, UT",-112.9842,37.2083,1234.4,848,921,1412,182,1140,117,13,48,23,0,970,742
"BURLINGTON WSO AP, VT",-73.1503,44.4681,100.6,838,595,586,896,1309,1269,485,704,943,2159,861,405
"CORNWALL, VT",-73.2106,43.9572,105.2,1121,507,427,1208,1552,1692,661,1218,431,1260,1255,667
"SAINT JOHNSBURY, VT",-72.0194,44.42,213.4,1202,678,577,1171,1764,1458,562,868,1093,1294,748,650
"SOUTH HERO, VT",-73.3031,44.6264,33.5,649,581,517,770,1106,939,403,920,809,1418,829,410
"SOUTH LINCOLN, VT",-72.9736,44.0725,408.7,,559,742,,1645,2315,1042,1658,724,2238,1650,
"BLACKSBURG NWSO, VA",-80.4133,37.2017,640.1,711,1418,627,1114,622,1371,720,724,260,1567,845,868
"BURKES GARDEN, VA",-81.3358,37.0925,935.1,1012,1954,724,1197,1179,1136,1388,494,69,1614,841,869
"CHARLOTTESVILLE 2W, VA",-78.5231,38.0325,265.2,929,1216,1170,1005,943,1614,771,864,394,1732,574,784
"DALE ENTERPRISE, VA",-78.9353,38.4553,426.7,841,658,818,974,1060,531,758,1050,256,1085,373,600
"DANVILLE, VA",-79.3886,36.5869,125,991,1499,838,822,745,1232,1579,883,0,1669,623,852
"FARMVILLE 2 N, VA",-78.3864,37.3264,137.2,788,1039,819,900,671,1560,1141,616,163,1230,540,709
"HOPEWELL, VA",-77.2772,37.2992,12.2,829,1242,770,944,957,1532,1134,1401,249,1291,647,825
"HOT SPRINGS, VA",-79.8317,37.9969,681.5,876,1350,788,1882,714,1165,1297,775,219,1340,652,767
"LEXINGTON, VA",-79.4136,37.795,342.9,857,1595,1018,1407,860,1175,1340,807,147,1529,624,669
"LINCOLN, VA",-77.6928,39.0878,152.4,996,898,1203,1180,1401,852,1016,986,64,1082,751,737
"NORFOLK INTL AP, VA",-76.1922,36.9033,9.1,969,1190,620,824,907,978,1388,1925,922,948,552,517
"PIEDMONT RSCH STN, VA",-78.1203,38.2322,158.5,435,540,774,,,937,1049,472,268,633,155,685
"ROCKY MT, VA",-79.8961,36.9769,400.8,953,1374,583,1022,829,2847,1599,325,157,1770,621,891
"STAUNTON WATER TRMTMT PLT, VA",-79.0903,38.1814,499.9,740,950,1006,958,666,905,1204,690,542,1177,330,419
"WILLIAMSBURG 2 N, VA",-76.7039,37.3017,21.3,835,1172,1103,1168,666,1571,1147,1192,262,1362,793,898
"WOODSTOCK 2 NE, VA",-78.485,38.9036,205.7,716,774,380,906,1113,377,1873,1174,410,734,305,381
"ABERDEEN, WA",-123.8292,46.9658,3,2621,1496,518,1199,340,235,366,334,1091,1505,954,2406
"BELLINGHAM 3 SSW, WA",-122.5114,48.7178,4.6,756,602,325,955,272,392,193,214,1170,1223,558,1141
"BLAINE, WA",-122.7928,48.9775,18.3,1235,597,356,1284,390,208,376,177,1333,1203,879,1543
"CEDAR LAKE, WA",-121.7561,47.4144,475.5,2207,2197,683,3186,720,970,978,561,1879,3195,1325,2888
"CENTRALIA, WA",-122.9528,46.72,56.4,504,697,176,661,182,74,209,70,531,538,228,1245
"CLEARBROOK, WA",-122.3292,48.9672,19.5,1421,724,401,1524,433,307,262,,,,,
"CLE ELUM, WA",-120.9469,47.1856,585.2,591,358,118,338,149,109,68,0,242,397,77,375
"COLVILLE, WA",-117.9019,48.5472,474.6,629,528,219,218,317,38,241,160,284,614,127,398
"CUSHMAN POWERHOUSE 2, WA",-123.16,47.3706,6.4,3522,1360,461,1123,249,94,344,338,1550,2014,1105,3859
"DAVENPORT, WA",-118.1456,47.6503,743.7,439,263,178,343,329,78,66,196,488,292,173,436
"DAYTON 1 WSW, WA",-118.0022,46.3153,474.6,443,766,265,897,623,128,15,234,268,315,190,257
"ELLENSBURG, WA",-120.54,46.9692,451.1,263,484,105,224,338,44,0,177,188,174,36,171
"FORKS 1 E, WA",-124.3539,47.9558,106.7,4055,1745,661,2235,246,312,678,722,2174,3090,1618,3424
"GOLDENDALE, WA",-120.8428,45.8081,499.9,432,921,136,491,212,344,31,390,288,358,21,636
"KENNEWICK, WA",-119.1011,46.2111,118.9,413,786,125,242,840,52,26,36,194,79,56,192
"LONGMIRE RAINIER NPS, WA",-121.812,46.7492,841.9,,2117,553,1969,580,637,402,351,1448,2140,,
"LONGVIEW, WA",-122.9164,46.1506,3.7,735,1472,509,992,453,289,204,187,924,937,529,1857
"NORTHPORT, WA",-117.8069,48.9114,423.7,370,428,185,359,138,271,196,207,686,212,283,517
"ODESSA, WA",-118.6997,47.3286,466.3,288,285,106,252,157,25,0,33,278,155,121,271
"POMEROY, WA",-117.5894,46.4686,579.1,477,784,143,507,188,201,15,215,351,,,
"PULLMAN 2 NW, WA",-117.1911,46.7564,775.7,537,905,150,938,255,263,29,128,340,494,90,403
"RAYMOND 2 S, WA",-123.73,46.6533,9.1,1973,1910,559,1254,412,390,395,261,1581,1770,839,2896
"RITZVILLE 1 SSE, WA",-118.3772,47.1139,557.8,536,475,202,227,308,163,33,87,544,305,92,291
"SAINT JOHN, WA",-117.5931,47.0894,592.8,346,296,133,551,206,46,59,23,64,271,107,
"SEDRO WOOLLEY, WA",-122.2355,48.4958,18.3,719,776,621,1135,319,604,339,260,1624,1527,1024,1210
"SNOQUALMIE FALLS, WA",-121.8361,47.5414,134.1,1265,891,577,1801,519,611,553,435,1373,1807,732,2466
"SPOKANE INTL AP, WA",-117.5281,47.6217,717.2,446,609,182,374,344,113,132,121,504,391,173,546
"STEHEKIN 4 NW, WA",-120.7267,48.3511,387.1,1405,775,306,419,494,438,194,46,622,995,377,1285
"VANCOUVER 4 NNE, WA",-122.6519,45.6778,64,780,1997,322,1148,853,145,110,378,1321,737,355,1136
"WALLA WALLA FAA AP, WA",-118.2833,46.1,355.4,537,548,323,754,494,126,3,84,378,266,144,268
"WATERVILLE, WA",-120.0697,47.6478,798.6,,669,,183,320,158,517,35,570,159,75,
"WENATCHEE, WA",-120.315,47.4247,195.1,286,341,108,140,153,282,23,180,593,120,28,216
"WILBUR, WA",-118.6775,47.7569,679.7,251,184,195,311,629,26,67,104,494,320,92,267
"WINTHROP 1 WSW, WA",-120.1936,48.4539,534.9,518,269,181,185,420,96,229,130,570,117,127,260
"BUCKHANNON, WV",-80.2206,38.98,443.5,841,1065,552,832,1200,1022,806,946,79,1301,589,1238
"GLENVILLE, WV",-80.8325,38.9339,216.4,884,1005,728,727,1240,1190,1100,1250,26,1152,661,1120
"LEWISBURG 3 N, WV",-80.4042,37.8564,701,913,1523,801,1319,1087,1177,949,349,21,1249,582,833
"MANNINGTON 8 WNW, WV",-80.4647,39.5436,335.3,1098,1662,678,1091,1277,1503,1064,900,149,,,
"MARTINSBURG E WV RGNL, WV",-77.9844,39.4019,162.8,831,1051,901,986,1496,1206,1705,341,350,1235,168,762
"PARSONS 1 NE, WV",-79.6658,39.1031,556.6,1015,1299,591,1352,1972,2538,1583,1379,354,1266,662,1474
"SPENCER, WV",-81.3619,38.8008,287.4,891,917,603,954,1379,1771,517,887,70,1117,622,1404
"WINFIELD LOCKS, WV",-81.9153,38.5278,186.2,638,580,249,243,1462,1395,684,957,119,1376,782,1287
"BRODHEAD, WI",-89.3861,42.6181,240.8,698,706,343,653,2014,1106,1102,1589,2162,1294,669,382
"DARLINGTON, WI",-90.1183,42.6708,292.6,611,591,386,863,1470,944,1371,1159,3279,1443,428,277
"FOND DU LAC, WI",-88.4506,43.7961,231.6,495,517,391,753,1052,1013,1006,1120,1489,1374,526,426
"HANCOCK EXP FARM, WI",-89.5342,44.1192,331.9,482,320,462,1056,1337,1268,1823,731,1324,1108,563,726
"LANCASTER 4 WSW, WI",-90.7889,42.8278,317,739,566,249,599,1434,1186,1609,809,4718,1434,534,558
"MANITOWOC, WI",-87.6522,44.0869,178,448,695,311,877,984,1080,603,1332,1135,1394,600,616
"MARSHFIELD EXP FARM, WI",-90.1314,44.6319,377,269,940,407,1146,1431,906,1823,862,2190,1074,414,867
"MEDFORD, WI",-90.3439,45.1308,448.1,229,1207,305,941,1621,1240,2027,1052,1546,940,425,762
"MINOCQUA, WI",-89.7322,45.8864,488,210,1046,300,998,1535,597,1157,1098,1666,1052,565,972
"NEILLSVILLE 3 SW, WI",-90.6383,44.5297,310.9,295,923,450,1320,1438,,,1057,1777,1289,445,802
"NEW LONDON, WI",-88.7189,44.3589,243.8,529,780,534,816,1333,1149,1312,641,2285,1156,563,742
"OCONTO 4 W, WI",-87.9539,44.8836,201.2,515,900,385,978,1383,969,1430,818,2681,1078,584,1030
"OSHKOSH, WI",-88.5581,44.0206,228.6,610,596,358,851,1133,1296,1381,962,1538,1243,514,693
"PORTAGE, WI",-89.4342,43.5278,236.2,640,719,289,1100,1329,1102,1031,1434,1814,1489,536,531
"PRAIRIE DU CHIEN, WI",-91.135,43.0514,200.6,590,638,242,1028,1872,1167,1508,775,3135,1497,537,292
"RACINE, WI",-87.7861,42.7022,181.4,598,928,368,762,1767,1141,806,1368,1874,1746,461,577
"SPOONER AG RES STN, WI",-91.8761,45.8236,335.3,147,536,235,1035,1591,570,726,909,1874,1251,309,687
"VIROQUA, WI",-90.8761,43.5594,382.5,569,654,328,706,1534,1329,2370,454,2432,1389,691,482
"WATERTOWN, WI",-88.7364,43.1742,251.5,484,559,265,1025,1369,1262,1206,972,1588,1514,552,398
"ALTA 1 NNW, WY",-111.0339,43.7728,1962,610,1166,227,835,904,617,377,145,1247,307,262,262
"BASIN, WY",-108.0314,44.3789,1169.5,39,63,48,73,747,188,84,93,863,142,100,13
"BATES CREEK #2, WY",-106.3775,42.6339,1831.8,241,159,389,336,1008,520,148,201,244,336,302,232
"CHEYENNE WSFO AP, WY",-104.8167,41.15,1868.4,82,84,605,390,1320,696,351,114,131,195,467,150
"CODY, WY",-109.0633,44.5219,1549,33,175,31,296,1677,238,377,186,811,161,181,16
"DIVERSION DAM, WY",-108.9489,43.2281,1699.3,0,5,147,287,1144,109,112,23,516,137,198,0
"DUBOIS, WY",-109.6553,43.5397,2119.9,32,90,122,293,688,518,202,317,929,145,234,89
"EVANSTON 1 E, WY",-110.9508,41.265,2080.3,172,278,23,1063,518,101,131,205,385,19,416,328
"GREEN RIVER, WY",-109.4767,41.5314,1852.3,318,172,265,898,535,134,26,106,416,84,266,224
"LAKE YELLOWSTONE, WY",-110.3986,44.5619,2398.8,610,956,279,750,551,586,211,431,730,258,290,197
"LARAMIE RGNL AP, WY",-105.6744,41.3125,2214.7,34,16,214,238,611,370,110,81,255,69,64,85
"MIDWEST, WY",-106.2772,43.4131,1481.3,119,79,104,63,391,141,269,447,322,54,152,15
"MORAN 5 WNW, WY",-110.5889,43.8567,2072,591,1695,248,880,407,175,311,220,984,286,243,562
"NEWCASTLE, WY",-104.2136,43.8581,1315.2,198,265,127,190,620,524,601,1818,360,403,247,25
"PAVILLION, WY",-108.6942,43.2458,1658.1,23,20,129,510,276,63,435,20,356,25,44,0
"PINEDALE, WY",-109.8642,42.8797,2193,183,399,245,511,744,308,336,165,496,135,296,46
"POWELL FLD STN, WY",-108.7592,44.7764,1332,16,49,3,29,744,96,186,148,625,217,11,3
"RIVERTON, WY",-108.3742,43.0308,1510.3,58,56,242,517,970,72,103,29,479,61,244,26
"ROCK SPRINGS AP, WY",-109.0653,41.5942,2055,62,37,54,255,201,54,5,124,154,31,79,36
"SHERIDAN FLD STN, WY",-106.8383,44.8406,1143,284,52,55,311,1348,325,525,148,427,167,91,51
"WHEATLAND 4 N, WY",-104.9492,42.1106,1413.7,,0,310,207,1576,480,358,723,79,51,0,91
"WORLAND, WY",-107.9686,44.0108,1237.5,26,41,144,96,1141,96,103,430,571,102,215,15
"YELLOWSTONE PK MAMMOTH, WY",-110.6964,44.9767,1898.9,244,1041,238,390,268,539,372,133,538,259,288,179
